tweet_id,author_id,inbound,created_at,text,response_tweet_id,in_response_to_tweet_id,tweet_id_float
2122499,123535,True,Wed Nov 08 10:55:21 +0000 2017,@AppleSupport Hi. I’ve an ancient Ipad2 running IOS 9.3.5 It’s woefully out of date and getting slower (can’t handle the rich web content these days)😕 Any way i can at least update the IOS please?,2122497,,2122499.0
2261512,658443,True,Sat Nov 11 00:51:56 +0000 2017,@AppleSupport come on already with this  I️ problem guys. Seems like this should be fixed already.,2261511,,2261512.0
2939305,812398,True,Wed Nov 29 04:16:37 +0000 2017,"And while I am on a dexamethasone induced rant series (ITP strikes again) , please @115858 get your iOS shit together :GPS not working anymore, @115948 app is a disaster , and I have to reset my iPhone every other day.",2939304,,2939305.0
1973346,584425,True,Wed Nov 01 03:29:51 +0000 2017,"I’m sick of your shit, @115858. I️ I️ I️ I️ I️",1973345,,1973346.0
950975,345574,True,Sat Oct 21 17:58:09 +0000 2017,Weird screen glitches with ios11 @115858 @AppleSupport https://t.co/hmvxuJv6N2,950973,,950975.0
2205737,572019,True,Thu Nov 09 20:28:51 +0000 2017,Fix your fucking bullshit. @115858 @AppleSupport I️ I️ I️ I️ I️ I️ I️ I️ I️ I️ I️ I️ I️ I️ I️ I️ I️ I️ I️ I️ I️ I️ I️ I️ I️ I️ I️ I️ I️ I️ I️ I️ I️ I️ I️ I️ I️ I️ I️ I️ I️ I️ I️ I️ I️ I️ I️,2205736,,2205737.0
1901048,136267,True,Tue Oct 24 01:14:39 +0000 2017,@AppleSupport many problems with text messaging since installing the update,1901047,,1901048.0
1711287,518395,True,Tue Nov 07 01:11:52 +0000 2017,@AppleSupport can y’all explain what’s going on https://t.co/ivpBZhOWif,1711286,,1711287.0
2270036,660543,True,Sun Nov 26 13:34:29 +0000 2017,@AppleSupport @115948 @115858 does my 9.99 monthly Apple subscription Llow access to the movies too?,2270035,,2270036.0
2083315,616135,True,Tue Oct 10 21:13:32 +0000 2017,@AppleSupport My iphone 6s’ battery dies sooner than before &amp; it hangs &amp;apps crash after I updated to ios11. Updated to ios 11.2. No relief😔,2083314,,2083315.0
1849539,455199,True,Wed Oct 18 20:47:30 +0000 2017,"My awesome @115858 phone just decided to delete about a quarter of my contacts while sitting idle, charging. Nice #iPhone",1849538,,1849539.0
2640983,261185,True,Fri Nov 17 21:17:56 +0000 2017,@AppleSupport iOS 11.1.2 https://t.co/Z9OU3Qn8bx,2640982,,2640983.0
2447518,701324,True,Wed Nov 15 01:54:58 +0000 2017,"Tengo un iPhone 8 en el cual no puedo usar mi suscripción a Apple Music sólo por comprar una iTunes card en otro país.
Gracias, @115858 @115948. 🙂",2447517,,2447518.0
2870742,797130,True,Tue Nov 28 02:32:01 +0000 2017,@115858 i need supports help please,2870741,,2870742.0
1424751,451006,True,Sat Oct 28 19:46:51 +0000 2017,@AppleSupport I’m having trouble updating my payment method. It keeps saying my payment was declined. Please help,"1424750,1424752",,1424751.0
480558,229203,True,Fri Dec 01 04:57:28 +0000 2017,@115948 @115858 WHY DID YOU YOU RANDOMLY DELETE MY FUCKING SONGS. FUCK YOU IM GOING TO SPOTIFY.,480557,,480558.0
1726606,522189,True,Tue Nov 07 03:26:51 +0000 2017,"Honestly it's 2017 AND I didn't pay $998 for my phone to replace ""I"" with ""!"" and ""?""... get it together @115858 or get OUT!!!!!!!!",1726605,,1726606.0
2066218,248284,True,Sun Oct 08 01:34:19 +0000 2017,@AppleSupport @115858 the newest update has only caused more bugs instead of fixing them. Help,2066217,,2066218.0
1145146,389513,True,Tue Oct 24 10:00:43 +0000 2017,"Querida @115858 meu telefone é muito novo para esses bugs que começaram depois da atualização, arruma isso :*",1145145,,1145146.0
1771200,532420,True,Wed Nov 08 00:43:44 +0000 2017,this stupid I️ thing is really annoying ! @115858,1771199,,1771200.0
372887,204363,True,Sun Oct 08 23:03:50 +0000 2017,@AppleSupport when I updated my #iPhone7 to #iOS11 CarPlay glitches.,372886,,372887.0
2955492,815855,True,Wed Nov 29 18:45:47 +0000 2017,"@AppleSupport I blocked my Apple ID by accident . Now i have to wait for 3 days. Are that workingdays? Or is weekend included? My iPhone is stolen. I have a new one now, but cant use my ID. So no apps.",2955490,,2955492.0
1907553,568348,True,Wed Oct 18 09:16:56 +0000 2017,"@AppleSupport I’m unable to install the new IOS update, an error has occured installing ios 11.0.3, on my IPhone 6",1907552,,1907553.0
124412,143864,True,Fri Nov 24 01:40:23 +0000 2017,"@AppleSupport I’ve been having problems with my SE since last month with 10.3.3. It uses a lot of RAM when connected to Wi-Fi and sometimes with LTE data. I go to Calendar and it says NO EVENTS for 1 second, and in the Music app I get lag when I first enter and slide down or up.","124411,124413",,124412.0
1670039,508430,True,Tue Oct 17 15:23:31 +0000 2017,@AppleSupport My Do Not Disturb keeps switching on repeatedly. Even if it’s just sitting at my desk. New bug? #apple,1670038,,1670039.0
1924282,572776,True,Fri Oct 27 05:23:23 +0000 2017,Frustrated with iPhone bugs @115858 @116333 https://t.co/f2jq7yoMQb,1924281,,1924282.0
2398158,690179,True,Tue Nov 14 04:26:05 +0000 2017,Y’all really gotta fix these notifications @AppleSupport,"2398159,2398157",,2398158.0
1782391,535508,True,Tue Oct 10 23:31:40 +0000 2017,@115858 iOS 11 is the buggiest iOS ever. Even your own apps freeze daily. iPad Pro 10.5 installed after complete wipe.,1782390,,1782391.0
2112784,623031,True,Wed Nov 08 14:35:05 +0000 2017,"Hey @115858, when’s that update?  I️ I️ I️ I️ I️ I️ I️ I️ I️ I️ I️ I️ I️ I️ I️ I️",2112782,,2112784.0
539968,245235,True,Sat Dec 02 05:23:40 +0000 2017,@AppleSupport and also the clock app wont open and the battery is draining drastically. Please help,539966,,539968.0
2077866,614536,True,Mon Oct 09 09:37:10 +0000 2017,@AppleSupport why is it every time there is a new iPhone launching that mine starts playing up ?? Telling me I have 40% battery the  dies,2077865,,2077866.0
2013938,595503,True,Sun Nov 05 15:17:56 +0000 2017,How do I️ fix this? @AppleSupport https://t.co/YRhL0AsHjc,"2013939,2013937",,2013938.0
1858628,555739,True,Thu Oct 19 14:05:31 +0000 2017,@AppleSupport what is “other”? Why is my system taking up 13.5 gigs of space?????? https://t.co/qP0NvcfUJ6,1858627,,1858628.0
1014877,121159,True,Sun Oct 22 18:14:18 +0000 2017,@AppleSupport See this App Store updates page on iOS 11.0.3 https://t.co/3QzWC2pEza,1014876,,1014877.0
817027,314587,True,Thu Oct 12 20:40:38 +0000 2017,@AppleSupport my iPhone 6 battery accuracy has been inaccurate since I downloaded iOS11. It turns off without 20% battery remaining alert,"817025,817029",,817027.0
391221,208632,True,Mon Oct 09 14:17:17 +0000 2017,@115858 - The new iOS update is TERRIBLE!!! My phone sucks now!!! Please fix it!,391219,,391221.0
2815064,784824,True,Sat Nov 11 06:48:04 +0000 2017,@115858 I️ gotta said I️ don’t really understand this whole I️ thing. Am I️ the only one having this issue? #AnnoyingAfRight,2815063,,2815064.0
1762229,530237,True,Tue Nov 07 19:09:17 +0000 2017,@115858 @AppleSupport  WHO IS RESPONSIBLE FOR ME NOT BEING ABLE TO WRITE IN FIRST PERSON?? ID RATHER HAVE A SIDEKICK RIGHT NOW I️ HATE YOU,1762228,,1762229.0
82035,134154,True,Thu Nov 30 04:28:33 +0000 2017,"@115858 please fix where whenever you open an app, besides music, or get a notification the music playback stops.",82033,,82035.0
2771839,774797,True,Tue Nov 21 06:21:56 +0000 2017,"Update ios ke 11.1.2 kelebihan eweuh, kekurangan boros batre terus sinyal langsung no sim, kekonyolan maneh -_- @AppleSupport","2771840,2771838",,2771839.0
2141669,629753,True,Wed Nov 08 22:32:01 +0000 2017,Hey @AppleSupport hurry up and come out with this update for this fucking “I️” problem,2141668,,2141669.0
2518227,717325,True,Wed Nov 15 23:14:30 +0000 2017,Why is my phone lagging when I text @AppleSupport @115858,2518225,,2518227.0
1155285,391770,True,Tue Oct 24 16:17:54 +0000 2017,“By 2019” @115858 ??? Are you fucking serious??? https://t.co/hTON2aNGLo,1155284,,1155285.0
1416470,449196,True,Thu Nov 02 02:27:04 +0000 2017,@115858 why is my phone all of a sudden trying to change “I️” to this A ? ... it’s SO annoying https://t.co/PPCPfN8zMY,1416469,,1416470.0
1460603,459005,True,Thu Nov 02 18:55:44 +0000 2017,@AppleSupport just DMed you guys about my problem,1460602,,1460603.0
2590389,733715,True,Fri Nov 17 01:12:50 +0000 2017,ALL MY NOTES FOR RAW ARE GONE WTF @115858,2590388,,2590389.0
1684485,511907,True,Mon Nov 06 16:10:15 +0000 2017,Why does my phone not know the letter I️ anymore? @AppleSupport,"1684486,1684487,1684488,1684484,1684489",,1684485.0
1905332,567762,True,Wed Oct 25 04:29:31 +0000 2017,"I don’t know what it is about the @123765 app, but it’s causing my iPad to get kicked off of wifi. @AppleSupport",1905331,,1905332.0
807900,312518,True,Sun Oct 08 06:05:10 +0000 2017,First day my iPhone 8 is cracked thanks apple for that glass back @115858 https://t.co/dgjRDxkLsX,807899,,807900.0
1476489,462795,True,Thu Nov 02 20:21:50 +0000 2017,"@AppleSupport I have been having trouble writing out the letter ""I"" in the latest update for iOS 11.1. Can you help?",1476487,,1476489.0
1624989,497658,True,Sun Nov 05 12:37:29 +0000 2017,Good when my #Apple #MacBook turns itself off with 50% battery left... it’s only 4 years old...@AppleSupport,1624988,,1624989.0
1705378,516903,True,Mon Nov 06 21:04:57 +0000 2017,@AppleSupport How do I turn on the iPhone X if the power button doesn’t work?,"1705379,1705377",,1705378.0
1918470,571357,True,Thu Oct 26 10:00:22 +0000 2017,"@AppleSupport Hi, my Silicone Case has cracked at the bottom near the speakers after only a month.",1918469,,1918470.0
2058456,608799,True,Sat Oct 07 01:12:37 +0000 2017,@AppleSupport why since #ios11 does this keep happening? (Screen orientation wrong) also camera app screen is often black(-viewfinder) 📱6,2058455,,2058456.0
1959184,581202,True,Mon Oct 30 20:53:39 +0000 2017,@applesupport i updated my phone and now my speaker phone option doesn't work :/ help,1959183,,1959184.0
338162,196714,True,Sat Oct 07 21:13:31 +0000 2017,@115858 need to do something about this glitch in this new update... my phone been tripping ever since I updated 😒,338160,,338162.0
1339746,432497,True,Fri Oct 27 09:25:51 +0000 2017,@AppleSupport no sim free iPhone X available for preorder?,1339745,,1339746.0
2139906,513697,True,Wed Nov 08 22:01:33 +0000 2017,Magnum Moss Warranty Act 3 to 4 attempts to fix considered unreasonable. @AppleSupport 5th time? Warranty breached,2139905,,2139906.0
2870762,797135,True,Tue Nov 28 02:20:44 +0000 2017,@115858 I still see the A and the question mark in the box thing.... and I updated my phone why? 🤔 get it together!,2870761,,2870762.0
1181952,397957,True,Sun Oct 15 20:55:13 +0000 2017,I updated my phone and now Spotify doesn’t show up on my lock screen and my music randomly starts playing by itself wtf @115858,1181951,,1181952.0
2633120,162092,True,Fri Nov 17 17:41:08 +0000 2017,"Can anyone @AppleSupport tell me how to turn off the auto brightness?  Every time I look at my phone, it’s max bright-WEARING OUT MY BATTERY","2633121,2633119",,2633120.0
196127,162147,True,Wed Oct 04 22:26:53 +0000 2017,@AppleSupport I'm tired of my phone dying fast. Fix this issue!,196126,,196127.0
1477506,463064,True,Mon Oct 16 20:49:14 +0000 2017,Dear @115858 ever since I did the new update my phone is screwing up and it’s pissing me off!! 😡😡,1477505,,1477506.0
199443,163018,True,Wed Oct 04 10:45:10 +0000 2017,why does my music do this @AppleSupport https://t.co/NSwFA71x5c,199441,,199443.0
1645554,502835,True,Mon Nov 06 00:11:41 +0000 2017,"my iTunes won’t stop doing this, does anybody know how to fix this problem? #iTunes #Apple @AppleSupport @118721 https://t.co/LZn3TDtWi2",1645552,,1645554.0
1507324,469835,True,Fri Nov 03 04:28:47 +0000 2017,Updated my phone and I still see these goddamn black boxes w/ question marks smh what's going on @115858,1507323,,1507324.0
1153899,391482,True,Tue Oct 24 16:34:38 +0000 2017,@115858 your more recent IOS update is freakin FAIL! Can’t listen to the person I’m talking with on the phone smh others got the same problem,1153898,,1153899.0
1658256,505942,True,Mon Nov 06 02:49:13 +0000 2017,APPLE NEEDS TO FIX THE KEYBOARD 🗣🗣🗣 @115858 @AppleSupport,1658255,,1658256.0
2517140,717031,True,Wed Nov 15 22:39:42 +0000 2017,"@115858 never been so frustrated with your updated iSO 11 until now! Can’t play music while on other apps. (Snapchat) my “I” problem, Siri doesn’t work, my voice to text doesn’t either. Phone gets stuck, buffering, on apps, then shuts off. Galaxy where you at?",2517139,,2517140.0
2958779,816616,True,Wed Nov 29 19:39:35 +0000 2017,@AppleSupport I need a new connector &amp; I can’t find it. Any suggestions? 🌴😎 https://t.co/nQMSV0BpJw,2958777,,2958779.0
1692577,513705,True,Mon Nov 06 15:24:47 +0000 2017,@115858 fix this issue!,1692576,,1692577.0
1466901,460478,True,Thu Nov 02 17:29:00 +0000 2017,"@AppleSupport hi I’ve been invoiced for @115948 but I don’t use it. Can I get a refund and have my account cancelled, if it exists?",1466900,,1466901.0
2584322,732333,True,Thu Nov 16 23:24:11 +0000 2017,Phishing Scams @AppleSupport @AppleSupport @115858 https://t.co/KCNr3lRSgr,2584320,,2584322.0
2816396,248094,True,Mon Nov 27 03:17:25 +0000 2017,When are we getting the letter eye back? @115858 @AppleSupport,2816395,,2816396.0
493616,232682,True,Fri Dec 01 16:32:52 +0000 2017,@AppleSupport will the Series 3 watch be damaged in salt water?,493615,,493616.0
1616000,495582,True,Sun Nov 05 02:14:54 +0000 2017,Hi @AppleSupport! I️ updated to 11.1 and my phone is doing this &amp; I️ am seeing a lot of ?s https://t.co/outbcoIEqX,1615998,,1616000.0
1064964,371437,True,Mon Oct 23 12:08:54 +0000 2017,Apple'ın sayfası kendi browserında çalışmıyor. @115858 @AppleSupport https://t.co/ay2BxBg9wW,1064963,,1064964.0
2770767,774552,True,Tue Nov 21 05:05:35 +0000 2017,@115858 put an update out so us night owls can dim our screen brightness lower please and thanks.,2770766,,2770767.0
414033,213799,True,Tue Oct 10 01:10:00 +0000 2017,Yooo @115858 @AppleSupport DM me I got a question about this MacBook Air,414031,,414033.0
1889576,563503,True,Sun Oct 22 12:47:54 +0000 2017,What the hell is going on with #HighSierra not allowing me to log back in and all the freezing. I’ve never had this many issues @115858 #beta,1889575,,1889576.0
270317,180449,True,Fri Oct 06 00:47:58 +0000 2017,Why @115858 won’t let me update my payment. It keeps saying card declined when I have money in my account! #iOS11,270316,,270317.0
1007147,358326,True,Sun Oct 22 19:15:40 +0000 2017,@AppleSupport This new IOS update has ruined my phone. Freezes all the time. Can’t hear anyone on calls. Infuriating.,1007146,,1007147.0
801088,310893,True,Thu Oct 12 14:47:33 +0000 2017,It would be nice if all of the @115858 updates weren’t junk. My phone keeps freezing 😊😊☺️,801087,,801088.0
2385151,467740,True,Sat Nov 25 15:17:08 +0000 2017,.@AppleSupport @219531 The YouTube App on the 4K tv just updated. Does it support 2160p now ?!,2385150,,2385151.0
2014921,595810,True,Sun Nov 05 14:41:26 +0000 2017,I guess @115858 is just gonna keep axing like this I️ situation isn’t going on? #Update,2014920,,2014921.0
743448,297761,True,Wed Oct 11 12:41:27 +0000 2017,Am I the only one who can’t use the App Store ? @AppleSupport,743447,,743448.0
2927152,809847,True,Wed Nov 29 04:06:48 +0000 2017,"@AppleSupport My IPhone 8+256Gb cannot open ITunes, in Uruguay there’s no help available. I tried downloading/installing last iTunes v. in my PC but after several attempts it says: lacks a program that prevents installation, contact support. It’s driving me nuts... Can u help me?",2927151,,2927152.0
2229411,650603,True,Fri Nov 10 09:58:34 +0000 2017,"@AppleSupport help me, I️ can’t type a letter without this happening: I️",2229410,,2229411.0
2695049,757376,True,Sun Nov 19 17:23:49 +0000 2017,@AppleSupport Control Center. iPad. Calculator. Removed it. No way to get it *back*in :( https://t.co/XfICp0okfl,2695047,,2695049.0
1837259,550817,True,Wed Oct 18 16:11:59 +0000 2017,My phone just went from 80% to 35% in half an hour @115858 wtf y’all got going on bc I look cute &amp; now I can’t snap all day,1837258,,1837259.0
682079,282784,True,Wed Nov 08 04:33:03 +0000 2017,Dear @115858 you fucked up my phone and it now feels like I’m texting on a GameBoy Color.,682077,,682079.0
2452197,702630,True,Sun Oct 29 17:37:23 +0000 2017,Why the fuck would you make your  music app available for Android if it never works correct @115948 @AppleSupport,2452196,,2452197.0
2349319,143178,True,Mon Nov 13 16:27:22 +0000 2017,"I’m at a hotel and the WiFi allows #Netflix to flow just fine, while #AppleMusic can’t load a single song. Somethings wrong with an audio streaming service needing more bandwidth than HD video... @116602 @115858 @AppleSupport @115948",2349317,,2349319.0
1690523,513224,True,Mon Nov 06 17:41:39 +0000 2017,@115858 ya see wtf I️m talking about ?? https://t.co/lL4yskgr4Y,"1690522,1690524",,1690523.0
2015991,596156,True,Sun Nov 05 17:08:19 +0000 2017,"@115858 @AppleSupport Why’s the iPhone 10 glitch and freeze all the time, can’t even see the time on the status bar😂 #notcheap https://t.co/1f79yO3zTW",2015990,,2015991.0
2794335,779798,True,Tue Nov 21 21:22:02 +0000 2017,@AppleSupport Hi I keep getting these emails from “Apple Support”. But I’m 99% sure it isn’t real https://t.co/r6R5zd9MhH,2794334,,2794335.0
1824597,547732,True,Tue Oct 17 00:25:05 +0000 2017,That moment when you update your iPhones software to ios.11.0.3 and it deletes ALL 4500 SONGS I HAD ON APPLE MUSIC. THANKS @AppleSupport,"1824598,1824596",,1824597.0
2068988,611850,True,Sun Oct 08 16:23:19 +0000 2017,"@AppleSupport this is ridiculous, it’s just wiped all my photos off my phone. How can I remove iOS 11?! https://t.co/r1HtiNrb6J",2068987,,2068988.0
868223,326146,True,Fri Oct 13 14:13:45 +0000 2017,"Since update, when podcast ends I have to unlock phone, open app, find next ep, push play. While driving??? Thanks @115858 @AppleSupport",868222,,868223.0
2065426,610793,True,Sat Oct 07 21:28:57 +0000 2017,Excuse me why is ‘Never’ not an option anymore? @115858 I need answers https://t.co/8MDDDSnH7v,2065425,,2065426.0
928247,340240,True,Tue Oct 10 21:22:31 +0000 2017,"@AppleSupport hi, will the Parker Bear become available to purchase in the U.K.?",928246,,928247.0
1584688,487627,True,Sat Nov 04 16:51:59 +0000 2017,Umm the x can’t show battery percentage ? @AppleSupport I’ll be upset I can’t be guessing battery life,1584687,,1584688.0
2746107,147242,True,Mon Nov 20 21:58:38 +0000 2017,@AppleSupport on iPad where did the edit in videos go? I want to delete the watched ones and there is no edit https://t.co/F9eMZrmcRC,2746105,,2746107.0
1579738,486423,True,Sat Nov 04 15:13:36 +0000 2017,@AppleSupport why am I asked to upgrade iCloud storage when trying to turn iCloud photo library when my photos are already in iCloud? https://t.co/GByzFuiAS4,1579735,,1579738.0
1527014,474173,True,Fri Nov 03 17:47:20 +0000 2017,Sure would have been nice to have my iPhone X today as scheduled. Thanks @AppleSupport @115858 for cancelling my 3am preorder!!!,1527013,,1527014.0
717160,291696,True,Fri Oct 06 05:03:08 +0000 2017,"@AppleSupport help us to Apple music, connecting on the car is a disaster. cuts, noises, cracking !!!! I am on iphone 6s in france",717159,,717160.0
2143294,630142,True,Wed Nov 08 23:12:53 +0000 2017,Apple.... @115858 are y’all going to fix how I️ looks like when posted? 🙄😐,2143293,,2143294.0
154434,151390,True,Fri Nov 24 16:17:01 +0000 2017,"Hey @AppleSupport podcast download is running very slow( 10-20kbps) for me , while average internet speed averaging 5mbps.",154432,,154434.0
1097748,379045,True,Mon Oct 23 22:00:30 +0000 2017,@115858 why has this update sucked the battery life of my iPhone 6 +?  On vacation and this weak battery sucks. #disneyworldnopics,1097747,,1097748.0
1072501,373081,True,Fri Oct 13 07:37:20 +0000 2017,@AppleSupport YO - I really need your help. I’ve bought more iCloud storage etc but still saying I have no space…,1072500,,1072501.0
332845,195273,True,Sat Oct 07 16:36:56 +0000 2017,@AppleSupport just bought King Arthur in German Language- but only Trailer is German and Movie complete in english - fix it or refund please,332844,,332845.0
1516180,471777,True,Fri Nov 03 13:37:06 +0000 2017,@AppleSupport why does my phone feel like it’s fixing to melt.,1516178,,1516180.0
2414349,693988,True,Tue Nov 14 16:55:01 +0000 2017,"@AppleSupport , I need help, purchased an apple ,iTunes card this morning, as a gift, the person says the card not vaild won't allow him to use help please",2414347,,2414349.0
949709,345243,True,Sat Oct 21 17:02:11 +0000 2017,"Thanks @115858 

Thanks to your new ISO update my phone always freezes and nothing works. So I got to wait for it to turn off. @AppleSupport",949707,,949709.0
2361629,681931,True,Mon Nov 13 20:49:45 +0000 2017,"Estou muito chateado com minha capinha de couro da @115858, não tem nem 5 meses e já está descascando e ficando preta :/",2361627,,2361629.0
1890101,433310,True,Sun Oct 22 16:34:10 +0000 2017,@AppleSupport Hi - is it possible to buy Apple Care for a MacBook product I didn't purchase directly from an Apple Store? Thanks,1890100,,1890101.0
2618269,739930,True,Fri Nov 17 09:03:12 +0000 2017,"Two restore from backup to my #iPhone7  since #IOS 11.0 released 🤯🤯

The #iPhone suddenly stop responding &amp; freezes on balck screen with apple logo.

Hey @AppleSupport ! People will not buy #iPhoneX in this way!

#IOS11.0 the worst #ios released for iPhone ✌🏻 “Tim Cook voice”","2618270,2618268",,2618269.0
1692492,513683,True,Mon Nov 06 16:43:31 +0000 2017,@115858 please fix my letter “I”!  Thanks.,1692491,,1692492.0
161256,153200,True,Fri Nov 24 18:32:57 +0000 2017,Ever since I’ve updated my phone it has been a POS @115858  I’m about to get a galaxy or something,161255,,161256.0
2726987,764709,True,Mon Nov 20 05:09:20 +0000 2017,@115858 ion like dat “maybe:...” shit if I delete a number it’s for a reason. Fix it.,2726986,,2726987.0
416141,214245,True,Tue Oct 10 01:54:11 +0000 2017,Can you help @AppleSupport please?! https://t.co/GuUQaBDCM1,416139,,416141.0
1636503,500544,True,Sun Nov 05 18:55:36 +0000 2017,DEAR @AppleSupport WHY DO I️ ONLY SEE WINGDING TINGS WHEN IM TYPING MSGS. https://t.co/08OLhChdnv,1636502,,1636503.0
152951,150990,True,Fri Nov 24 15:12:37 +0000 2017,"Spent an hour waiting on hold with @AppleSupport this morning, only to have them disconnect the call before I could talk with anyone. Frustrating.",152949,,152951.0
2485839,340192,True,Wed Nov 15 12:59:59 +0000 2017,"@115858 Do you want to hear a joke?

iPhone 7's battery with iOS11

@AppleSupport 
#Apple",2485838,,2485839.0
2833097,788713,True,Mon Nov 27 05:31:21 +0000 2017,@115858 @AppleSupport WHY does my phone vibrate even when i don’t have any kind of notification? Got me thinking someone actually texted me but nooo my phone is just randomly vibrating 🤷🏾‍♀️,2833095,,2833097.0
845850,321045,True,Fri Oct 20 09:37:59 +0000 2017,@115858 very unsatisfied and disappointed customers #iphone8plus   used one week 48 hours like that 👇🏻 https://t.co/5CmgvKnCqs,845848,,845850.0
1762128,530207,True,Tue Nov 07 19:14:35 +0000 2017,@AppleSupport my phone is totally frozen. Won't respond to any touch. Can't locate the serial number to chat what do I do?,"1762127,1762129",,1762128.0
2003211,592354,True,Fri Nov 03 19:06:40 +0000 2017,my phone has been super fucked since the ios update. my music app is closed and there are no headphones plugged in obviously. 🙄🙄🙄 @115858 https://t.co/6KntmwDK66,2003210,,2003211.0
2939056,812343,True,Tue Oct 31 19:32:13 +0000 2017,"Seriously??!!!
@AppleSupport @115858 
1+2+3= 24 https://t.co/RihYrUprft","2939057,2939055",,2939056.0
2057079,166883,True,Fri Oct 06 19:37:40 +0000 2017,@AppleSupport I need assistance ASAP,2057078,,2057079.0
1900734,219580,True,Tue Oct 24 00:05:59 +0000 2017,"@AppleSupport Photos on my Mac says my photos are in an ""unsupported image format"". I'm on macOS 10.12.6. Why isn't HEIF supported?",1900733,,1900734.0
1903014,567126,True,Wed Oct 25 01:47:03 +0000 2017,"@AppleSupport. Not given to cursing in print, but new upgrade sucks. Sucks battery, sucks free time. Slow. Help!","1903015,1903013",,1903014.0
2034881,601607,True,Tue Nov 07 14:35:00 +0000 2017,Yo @115858 fix this update,2034880,,2034881.0
1449205,456281,True,Thu Nov 02 15:09:41 +0000 2017,Hey! It would be nice if my letter “I️” didn’t turn into some weird characters that I didn’t type. Thanks in advance! @AppleSupport,1449204,,1449205.0
868830,326299,True,Mon Oct 09 18:45:09 +0000 2017,@115858 thanks for the crappy update. You ruined my phone.,868829,,868830.0
2142309,123150,True,Wed Nov 08 19:49:00 +0000 2017,Crazy @AppleSupport STILL hasn’t pushed an update for this keyboard bug 🤦‍♂️,2142307,,2142309.0
1692551,513696,True,Mon Nov 06 15:33:11 +0000 2017,"Hey @115858 @AppleSupport fix this “I️” issue, would ya? https://t.co/3fyk3JmwOD",1692550,,1692551.0
2072235,612901,True,Sat Nov 25 11:12:39 +0000 2017,@AppleSupport @115858 why does the screen go like this after searching messages and emails? #ios11 https://t.co/8J2dB2hWRY,2072234,,2072235.0
523869,241089,True,Sat Dec 02 03:33:21 +0000 2017,@AppleSupport why ios 11.1.2 often self rebooting? It back to passcode again,523868,,523869.0
1121148,384483,True,Sat Oct 14 04:10:00 +0000 2017,"@AppleSupport after the updation of iOS 11.0.3 some of the apps are not working.the app shown in the video is my banking app,important app.. https://t.co/gT4sGCs3yV",1121147,,1121148.0
2525501,719136,True,Thu Nov 16 02:38:46 +0000 2017,@115858 the new update made my phone completely broken. I can barely use it and it has restarted at least 20 times today but when it comes back on it’s just still broken and I can barely type because it’s so slow. Let me know when you actually “fix the bugs and glitches” L O L,2525500,,2525501.0
10689,117966,True,Wed Nov 01 00:27:58 +0000 2017,updated to iOS 11.1 @AppleSupport and there's so many glitches and bugs I found inside the update,10688,,10689.0
1713026,518852,True,Tue Nov 07 02:06:40 +0000 2017,@AppleSupport I️ think this is an issue. I️ think this needs to be fixed,1713025,,1713026.0
1536228,458434,True,Fri Nov 03 20:32:09 +0000 2017,That’s a pretty expensive paper weight I purchased @115858 #iPhoneX #iphoneXlaunch https://t.co/9mw7egGrAe,1536227,,1536228.0
1368437,438515,True,Fri Oct 27 21:30:23 +0000 2017,"@AppleSupport #iPhone8Plus Bonjour,J’ai un problème avec mon IPhone 8 Plus, je peux pas prend de photos le soir car le flash ne marche pas😤😖",1368436,,1368437.0
2505011,714341,True,Wed Nov 15 21:04:46 +0000 2017,@AppleSupport every time I attempt to delete multiple emails my phone freezes. Sick of it. Iphone8plus Fix this issue please.,2505010,,2505011.0
1876887,560276,True,Sun Oct 22 03:22:28 +0000 2017,@115858 I just shadered the fuck out of my phone and I’m in college and really can’t afford a new one. #crying,1876886,,1876887.0
90725,135645,True,Thu Nov 30 09:20:19 +0000 2017,"Yo,@115858, on my 45 minute commute, I’ve checked my emails (maybe twice), read an article and listened to some Spotify. My battery has dropped from 100% to 65%, what gives? Is it because my phone’s just out of warranty and you want me to spend my hard earned cash on a new one?",90724,,90725.0
2070248,612241,True,Sun Oct 08 21:25:55 +0000 2017,"98% of the time, Apple Maps take me to no where near the location I enter in my maps wtf @115858",2070247,,2070248.0
1440690,454320,True,Thu Nov 02 03:13:30 +0000 2017,"What is wrong with my phone, this update is causing weird symbols to appear whenever people enter certain letters 😡 @AppleSupport @115858",1440689,,1440690.0
2036549,602118,True,Mon Nov 06 22:05:59 +0000 2017,@AppleSupport need to live chat with someone about account how can I do this,2036548,,2036549.0
2487268,710404,True,Wed Nov 15 14:51:39 +0000 2017,"@AppleSupport Hi there, I forgot my password to my Apple ID, and my Ipad is locked. I dont have any possibility to enter my email.",2487266,,2487268.0
176003,157385,True,Sat Nov 25 00:16:50 +0000 2017,Left my phone dead since last night and now it won't turn on @115858. Help me 😢,176002,,176003.0
2048650,605862,True,Thu Oct 05 14:41:56 +0000 2017,@118936 @AppleSupport my Mac is caught in continuous loop installing high sierra please help! https://t.co/cxDLsACDg0,2048649,,2048650.0
940443,342942,True,Wed Oct 11 01:58:21 +0000 2017,"Since the upgrade to High Sierra &amp; Keynote 7.3, Keynote keeps crashing as hell as soon as I start playing the slideshow.
@AppleSupport",940442,,940443.0
208146,165238,True,Thu Oct 05 00:03:01 +0000 2017,"@115858 I upgraded ipod touch to OS11 and now I get no album art on my honda 2015 civic touch screen, WTF?!?",208143,,208146.0
2907927,805152,True,Tue Nov 28 20:25:19 +0000 2017,@AppleSupport my Mac Pro can’t handle a photoshop trial without burning my legs off and the fan spinning like it’s about the take off... help? I was told it’s supposed to be able to handle this stuff well.,2907926,,2907927.0
808862,312736,True,Sun Oct 08 07:23:19 +0000 2017,Really frustrated with @115858 #Keynote transition. There is background color around the text. Any pointers on what went wrong? https://t.co/pkagLq8LDI,808861,,808862.0
889508,331176,True,Fri Oct 20 22:09:19 +0000 2017,@AppleSupport the Apple earphones blew out and shocked me in my right ear. Can I receive a pair or wireless beats or AirPods?,889507,,889508.0
1243743,411789,True,Mon Oct 16 02:51:53 +0000 2017,@AppleSupport after updating to iOS 11 phone can’t control my 3rg gen Apple TV.,1243742,,1243743.0
1644633,502584,True,Sun Nov 05 23:35:15 +0000 2017,Ugh this foolishness with the letter “I” is really irritating. @115858 fix your 💩,1644631,,1644633.0
593559,245935,True,Sun Dec 03 17:01:22 +0000 2017,"@115858 your phones (et al) are frustrating beyond words. No room for anything, not even to upgrade so that everything stops freezing; I'm constantly deleting apps; nothing syncs; nothing makes sense; and my phone hasn't even lasted 24 months. Maybe it's time to go #googlephone",593558,,593559.0
546575,247097,True,Sat Dec 02 10:15:39 +0000 2017,"@AppleSupport hey, Apple, my e-mails from iCloud account are going nowhere - noone receives them if sent via any app (ios, macos, win), no errors, nothing! But everything fine if using https://t.co/VRsyymIezx site. What is wrong with your SMTP-server? Please help!",546574,,546575.0
1799188,540615,True,Sat Oct 14 02:59:00 +0000 2017,So I guess when you get a new phone @115858 @115725 will not help you transfer your phone over. Now they make you do everything!#cheapasses,1799187,,1799188.0
1901456,566657,True,Tue Oct 24 02:03:30 +0000 2017,"@AppleSupport my 6S lags, shuts down randomly, and is 50% slower since the new update...stop forcing upgrades that aren’t ready.  #nothappy","1901457,1901455",,1901456.0
1754057,528314,True,Tue Nov 07 16:23:23 +0000 2017,@115858 fix this shit with whatever is going on with the letter “i” fam. I️ can’t even type emails to my professor on my phone. Smfh .,1754056,,1754057.0
1215570,405236,True,Wed Oct 25 16:31:22 +0000 2017,@AppleSupport since updating my iPhone to IOS 11.03 anytime I mirror to Apple TV it times out after 5 mins?? Help #airplay,1215569,,1215570.0
2093805,618661,True,Wed Nov 08 03:25:42 +0000 2017,"A literal bug crawled into my laptop through a port and got zapped and burnt my motherboard and now my MacBook is fried...
@115858 plz help",2093804,,2093805.0
1706863,517276,True,Mon Nov 06 21:52:20 +0000 2017,If only someone could hack @115858 to get them to change this I️ back to I. This shit is getting out of hand,1706862,,1706863.0
447311,220957,True,Thu Nov 30 19:58:01 +0000 2017,Anyone else’s #imac crashing twice a day since the #highSierra updates? 😡😡😡 @AppleSupport make it stop!!! https://t.co/kgdNc2ObuV,447309,,447311.0
2115502,486845,True,Wed Nov 08 08:12:48 +0000 2017,@AppleSupport where’s the auto brightness toggle? 🤔 https://t.co/NkaxYYGWy9,2115501,,2115502.0
2336124,675924,True,Fri Oct 20 02:58:11 +0000 2017,So ios 11 literally just fucked up my battery life @AppleSupport,"2336125,2336123",,2336124.0
495154,233075,True,Fri Dec 01 17:20:13 +0000 2017,@AppleSupport I can't sign into https://t.co/mnaWejo8dK from Google Chrome Version 62.0.3202.94 (Official Build) (64-bit) on a Windows 10 PC. HALP!,"495155,495153",,495154.0
2151155,311677,True,Thu Nov 09 01:21:06 +0000 2017,"WHEN ARE YALL GONNA FIX THE I️-glitch, like these last updates are MESSING UP smh @115858",2151154,,2151155.0
2093872,618686,True,Wed Nov 08 03:21:28 +0000 2017,@115858 fix this I️ please and thank you,2093871,,2093872.0
1789025,537405,True,Tue Oct 17 23:47:41 +0000 2017,"@AppleSupport since 11.0.3 update, my 6S+ battery drains about 1%/minute.   Looks like time to purge my last Apple product from my life.",1789024,,1789025.0
1531013,295922,True,Tue Oct 17 01:33:53 +0000 2017,In the middle of an @AppleSupport call and explaining and rep hangs up.,"1531012,1531014,1531015",,1531013.0
2747361,469033,True,Mon Nov 20 21:09:24 +0000 2017,Idk if it’s @115858 or @115890 windows 10 but nothing I do will allow photos to transfer from my phone to my pc since 2 windows updates ago. 😡😡😡,2747360,,2747361.0
2313516,670872,True,Sun Nov 12 22:22:32 +0000 2017,@115858 fix your damn bug I’m tired of this A? crap,2313515,,2313516.0
294943,186241,True,Fri Oct 06 15:31:09 +0000 2017,People. Don’t download the latest @AppleSupport iOS update. Since updating 3 days ago my iPhone 7 Plus has frozen and crashed a number of times,"294945,294941",,294943.0
2247047,654845,True,Sat Nov 25 12:59:05 +0000 2017,@AppleSupport How do I transfer PDFs in my ibooks from one iPad to another ?,2247045,,2247047.0
1711273,518390,True,Tue Nov 07 01:15:56 +0000 2017,I can't even call or text my mom. She's probably worried about me. Thanks @115858 I hate you,1711272,,1711273.0
1908096,568421,True,Wed Oct 25 17:01:12 +0000 2017,"@115858 thanks for updating a software that is the worst ios ever, even the dialpad lags. Make sure ios will lose customers👍🏼",1908095,,1908096.0
446449,220747,True,Thu Nov 30 19:32:34 +0000 2017,@AppleSupport @115858  I'm a British citizen currently in India. My iphone was lost/stolen and I want to buy a replacement. Will the one year warranty work back in the U.K. The same as it would if I purchased it in London?,446448,,446449.0
2207585,645419,True,Thu Nov 09 23:58:06 +0000 2017,@AppleSupport I’m not allowed to send green messages or receive them on my phone it’s been like that for awhile how can i fix that,2207584,,2207585.0
35344,123704,True,Wed Nov 01 10:05:33 +0000 2017,"Dear @AppleSupport I have an iPhone 7 &amp; iTunes, both genuine. So why do I always get this message when I sync? Hope you can help. Thanks. https://t.co/QgJ14liJDw",35342,,35344.0
759840,301551,True,Wed Oct 11 19:21:16 +0000 2017,"Upgraded to iOS 11 , now the iTunes Store and music not working @AppleSupport @115948",759838,,759840.0
1246423,412428,True,Thu Oct 26 00:46:33 +0000 2017,"@115858 Hey, I’ve had my 6 for a very long time and I’m having trouble with the charging port. What can I do about it?",1246422,,1246423.0
2028722,599935,True,Mon Nov 06 20:36:46 +0000 2017,@115858 @applesupport When will we have relief do this battery drain on 11.1???? It’s ridiculous!! Most of us rely on phones for work!,2028720,,2028722.0
1567565,483743,True,Sat Nov 04 08:43:15 +0000 2017,"Hey, @AppleSupport is this an actual email from you guys or did someone just steal $100 bucks from me? https://t.co/HCVsLkSzck","1567566,1567567,1567568,1567569,1567570,1567571,1567572,1567564,1567573,1567574,1567575",,1567565.0
2568177,557442,True,Mon Oct 30 15:40:59 +0000 2017,@AppleSupport what’s going on with this autocorrect for I️ ??? Multiple times it corrects it to A ?,2568174,,2568177.0
1576411,485672,True,Sat Nov 04 13:45:06 +0000 2017,@AppleSupport my ipad is disabled and i cant connect to iTunes because I forgot my ipad passcode,1576410,,1576411.0
665839,278602,True,Sat Nov 11 17:42:08 +0000 2017,I LITERALLY PUT MY DAMN PHONE TO CHARGE LAST NIGHT AND ITS ON 34% @115858,665836,,665839.0
2121610,391056,True,Wed Nov 08 09:26:06 +0000 2017,One major issue reported by me regarding fingerprint authentication in apple developers login &amp; on forum. Still no revert :-( @AppleSupport,2121609,,2121610.0
2706872,760191,True,Sun Nov 19 23:28:26 +0000 2017,"@AppleSupport 2 things: random tri-tones not attached to alerts/vm, blank gray screens in news app.",2706870,,2706872.0
1392997,443983,True,Sat Oct 28 05:58:39 +0000 2017,Ever since I updated my phone my camera won’t work @AppleSupport @16234 @115858 @115858,"1392998,1392996",,1392997.0
1778943,534487,True,Wed Oct 11 17:34:37 +0000 2017,"@AppleSupport My iPod was charging for less than an hour and when I tried to turn it on it didn't and still hasen't turn on, please help🙃",1778942,,1778943.0
904088,334632,True,Tue Oct 10 05:08:18 +0000 2017,@83354 @115858 @AppleSupport @334633 alınan telefon kutuda bu şekilde çıkmıştır.  Kullanılmış ürün mü yolluyorsunuz? AMAN DİKKAT HB! https://t.co/68KTW4Ylkj,904087,,904088.0
2051824,606796,True,Thu Oct 05 20:37:10 +0000 2017,Updated to IOS 11.0.2 today on my 7plus and my phone is constantly crashing and resetting. Please can you sort it out ASAP! @AppleSupport @115858,2051823,,2051824.0
753031,299975,True,Wed Oct 11 12:23:28 +0000 2017,@115858 just did the latest update last night. Where did my Apple Music playlists go? #problem https://t.co/7Q1NbKpYtd,753029,,753031.0
1521212,472844,True,Fri Nov 03 11:40:49 +0000 2017,"iOSとiTunesそれぞれアップデートされたけど、Mac側で手動で入力したカスタム歌詞が同期しなおすと曲によって表示できなくなるの直ってない( ･᷄ὢ･᷅ ) #iOS #Apple
@2266 @14212 @AppleSupport",1521211,,1521212.0
857125,323536,True,Fri Oct 13 08:57:05 +0000 2017,@AppleSupport my phone was at 100% this morning at 7am. I’ve hardly used it since. Now it’s below 20%? Is it because of the update? https://t.co/nTOqg5gtrZ,857124,,857125.0
41711,125182,True,Wed Nov 01 12:42:39 +0000 2017,"@AppleSupport just upgraded to 11.1, and had 50% battery drain on iPhone 6 during my bike ride to work (1 hour).  This is unacceptable",41710,,41711.0
2485740,710039,True,Wed Nov 15 13:57:26 +0000 2017,"@AppleSupport I have a 128gig iPhone, how do I make it use that as my default storage instead of my iCloud? It keeps telling me my iCloud is almost full but I got 128g of storage to avoid that problem",2485738,,2485740.0
2143318,630150,True,Wed Nov 08 21:04:43 +0000 2017,"Every time I type the letter “I” it looks like the letter “I”, but when I hit send it looks like “I️”

Fix this @115858",2143317,,2143318.0
2519404,717646,True,Wed Nov 15 23:54:03 +0000 2017,Just installed latest @115858 update to my Mac. It froze. Now it’s got a no-entry sign. Not impressed. What’s next @AppleSupport? Apart from this https://t.co/WYxh6HLwBj,2519402,,2519404.0
2077864,614535,True,Mon Oct 09 10:24:04 +0000 2017,"@AppleSupport updated my phone last night, now it’s just constantly freezing 🤔 any ideas?",2077863,,2077864.0
2112908,623064,True,Wed Nov 08 14:01:55 +0000 2017,@AppleSupport why is my phone dieing in one Hour everyday it legit been 45 min since I woke up it was on 100%  and it on 19 like fix ur phone my phone I a few 1 1/2 years old never cracked or drop die in like a hour and half so dumb,2112907,,2112908.0
2117287,624050,True,Wed Nov 08 05:16:07 +0000 2017,@115858 yes I know I’m broke and can’t afford the eight but you don’t have to remind me every second with these fucking question marks 🙄🙄🙄,2117285,,2117287.0
2071024,612479,True,Mon Oct 09 01:36:13 +0000 2017,"@AppleSupport when are the fixes coming? Speakerphone doesn’t work, apps freezing phone, Siri not controlling music. Phone is horrible.",2071023,,2071024.0
2289051,665019,True,Sat Nov 11 21:25:10 +0000 2017,@115858 I️ can’t type the letter I️ by it’s self 🤦🏾‍♀️ Please help... I️ use the letter frequently,2289050,,2289051.0
682107,282794,True,Wed Nov 08 08:14:10 +0000 2017,the fact that my phone has turned to complete crap because of the updates is really making me consider switching to Samsung. im really considering being a green text bubble. hate you right now @115858,682106,,682107.0
2303696,668453,True,Sun Nov 12 17:22:04 +0000 2017,@AppleSupport Apple Pay keeps changing my default billing address to one I haven’t lived at for 2 years- despite deleting it everywhere I can find it. Can you help me fix this please?,2303695,,2303696.0
1839867,270222,True,Tue Oct 17 21:01:46 +0000 2017,@AppleSupport Chiming in that my mid-2014 MacBook Pro seems to be turning itself off randomly again.,1839866,,1839867.0
2726947,360282,True,Mon Nov 20 05:23:17 +0000 2017,Two iOS updates later and 1+2+3 is still not equal to 6. WTF @115858 https://t.co/y4l425ppGZ,2726945,,2726947.0
297425,186840,True,Fri Oct 06 16:21:51 +0000 2017,"@115858 iPhone 7 Plus slows down, hangs &amp; heats upon installing iOS11. 😔😔 Please don’t make me regret being an apple user from 7 years 😔😔",297424,,297425.0
2010087,594385,True,Sat Nov 04 16:46:36 +0000 2017,Yo what is going on with I️????!!! What is this @AppleSupport @115858,"2010088,2010086",,2010087.0
570917,254079,True,Sun Dec 03 03:50:28 +0000 2017,@AppleSupport  my phone will not send sms text messages. I’ve tried every quick fix but to no avail my text messages won’t work but my iMessages will work.,570916,,570917.0
1588806,488581,True,Sat Nov 04 19:45:32 +0000 2017,".@AppleSupport Why has the batter life on my iPhone 7 been garbage, pls assist",1588805,,1588806.0
790678,308541,True,Thu Oct 12 03:27:16 +0000 2017,@AppleSupport Battery is draining like 2% every minute even when it is in charging in IOS11. Iphone 6 here. Need immediate action on this.,790677,,790678.0
1896438,339443,True,Tue Oct 24 14:33:49 +0000 2017,@AppleSupport how is my phone losing battery power while it’s plugged into the wall (says charging) &amp; on low power mode????,1896437,,1896438.0
2238933,652841,True,Sun Nov 26 12:28:15 +0000 2017,"Used VSCO to edit image, saved edited copy back to Photos, then deleted original unedited photo. 

Apple Photos has been removing VSCO images on its own. Images NOT in Recently Deleted.

Have lost many photos!!! Did not realize this was happening! 😡

@38453 @AppleSupport https://t.co/PPwfDVevzk","2238934,2238932",,2238933.0
2569225,325331,True,Mon Oct 30 16:18:59 +0000 2017,I need someone at @AppleSupport to explain to me how I just bought this phone not even a month ago and my charger is already being wonky.,2569223,,2569225.0
2020299,597451,True,Sat Nov 04 23:05:20 +0000 2017,Why is this happening @AppleSupport @115858 https://t.co/nm95A1vre4,2020298,,2020299.0
513594,238205,True,Fri Dec 01 23:37:59 +0000 2017,@AppleSupport my ear just got shocked while I had your headphones IN ....,513593,,513594.0
1784635,536208,True,Wed Oct 11 03:21:25 +0000 2017,"So i have this paid app that I reinstalled and is stuck on the “waiting” status. Did all troubleshooting, still nothing. Damn @115858!",1784634,,1784635.0
2353601,680082,True,Mon Nov 13 17:53:48 +0000 2017,Hey @115858 why is my brand new iPhone 6s super glitchy right after you launch two new phones. Seems sketchy to me.,2353600,,2353601.0
321775,192653,True,Sat Oct 07 04:14:11 +0000 2017,"@115858 the two-factor authentication isn't working for me, not receiving the code you're meant to send to my line  (+254) Kenya",321773,,321775.0
2702209,759017,True,Sun Nov 19 21:02:55 +0000 2017,"@115858 as an @115777 user I find it annoying that you have appropriated Command + space to open Siri in High Sierra.  Only current solution is to disable Siri. So Siri is now dead, and it's all your fault!",2702207,,2702209.0
2068282,611636,True,Sun Oct 08 12:57:18 +0000 2017,"Now that IOS 11 has ruined my phone &amp; my battery I’m probably going to have to change phone brands, ridiculous tbh @AppleSupport",2068281,,2068282.0
2132075,223008,True,Wed Nov 08 19:47:49 +0000 2017,"@115858 
I️
I️
I️
I️
Fix this garbage",2132070,,2132075.0
96971,137163,True,Thu Nov 30 16:12:37 +0000 2017,@115858 why must you feel the need to turn my Bluetooth back on automatically killing my battery in the process?!,96969,,96971.0
1522664,473155,True,Fri Nov 03 16:10:54 +0000 2017,"@AppleSupport Fotos is crashing, even cannot send Logfile with Feedback Assistant… https://t.co/nNipVhX3Rd",1522662,,1522664.0
2784598,571653,True,Tue Nov 21 18:13:19 +0000 2017,"So, my 17"" Early 2011 @115858 MBP died today. The dreaded graphics card failure. This is the SECOND MacBook Pro that dies on me due to graphics card failure (the first one a 2008 MBP 17"").

I cannot un-recommend enough the lack of quality in these machines.",2784597,,2784598.0
2299842,158289,True,Sun Nov 12 10:27:48 +0000 2017,"Ok... so because my other half looks at my phone so much my iPhone X has now learnt his face and unlocks to both of us which it didn’t 2 days ago.. 

Over time is Face ID scanning faces so many times it will unlock to multiple people

@7846 @116333 @AppleSupport @667515","2299843,2299844,2299845,2299840",,2299842.0
2597167,735346,True,Fri Nov 17 03:24:42 +0000 2017,@AppleSupport and other Apple users... anyone else’s iPhone 7 totally screwing up with the iOS 11.1 update? Everyone in my family’s is totally shot now. This update is shit... I love apple but in February when my lease is up I’m getting the Note8. I’m done.,2597166,,2597167.0
2958692,816596,True,Wed Nov 29 20:01:11 +0000 2017,Why does my iPhone go from 65% to 12% charge in less than 5 min? 😫 @115858 @AppleSupport,2958691,,2958692.0
1829472,548997,True,Tue Oct 17 15:15:39 +0000 2017,@AppleSupport is there any way to check the overall health of my battery?,1829471,,1829472.0
2298326,667157,True,Sun Nov 12 05:37:38 +0000 2017,Sooo what happens when all text messages disappear from your iPhone? Are they just gon forever? Or can it be fixed? @115858 @AppleSupport,2298325,,2298326.0
855446,323164,True,Fri Oct 13 07:23:00 +0000 2017,"Since installing the new update, my @AppleSupport iPhone 6 has been really slow. Very annoying. I’m due an upgrade though so it’s cool.",855444,,855446.0
1807786,200736,True,Sat Oct 14 07:58:30 +0000 2017,@146956 @115858 #iOS app shows different fonts. Pls fix it and thank me for the suggestions :) https://t.co/1pl6fpyfNs,1807785,,1807786.0
2557359,726044,True,Thu Nov 16 14:27:31 +0000 2017,"@115858  @AppleSupport @11676 Version 11.0.3(15A432). 
iPhone 5S. Though I switch OFF Wifi/Bluetooth/Mobile Internet in Control Center, they remain ON inside Settings. I should go to Settings each time &amp; switch them OFF. Please help.",2557358,,2557359.0
876342,328059,True,Fri Oct 20 17:39:28 +0000 2017,@AppleSupport Instruct my iPad to quit changing my spelling. Driving me insane. I nose how 2 speltzes.,876341,,876342.0
1325993,429397,True,Mon Oct 16 03:10:53 +0000 2017,"The latest @115858 update has destroyed my phone! Freezes when unlocking, boots me out of apps, won’t send messages ... many more #dontupdate","1325989,1325994",,1325993.0
1659233,506234,True,Tue Oct 17 14:21:23 +0000 2017,@AppleSupport i can’t download an app from the app store? It’s free and just keeps loading??,1659232,,1659233.0
2125155,625851,True,Wed Nov 08 16:28:39 +0000 2017,"Should this say “Face ID”?

CC @AppleSupport https://t.co/eLk98fQGE7",2125154,,2125155.0
1733763,523589,True,Tue Nov 07 03:38:28 +0000 2017,@AppleSupport sometimes access to the camera and widgets on the lock screen is not working,1733762,,1733763.0
2454123,703036,True,Sun Oct 29 19:01:49 +0000 2017,@115858 Hey fix the fuckin itunes man the album covers never show up when i assign them its getting me pissed off its too automated now !!!!,2454121,,2454123.0
738530,296631,True,Wed Oct 11 04:28:45 +0000 2017,@115858 is it normal for a iteam to be fixed at Your depot and returned take more than a week to get back to me... WTF,738529,,738530.0
1291129,421934,True,Sat Nov 25 20:33:34 +0000 2017,Good afternoon @115858 Please fix your voicemail app. It is rather infuriating when a voicemail stops playing 5 seconds in. #iOS11,1291128,,1291129.0
2009463,594193,True,Sat Nov 04 14:55:10 +0000 2017,"This fucking glitch is ruining my life, Marcus has to speak in third person now. He has so many drafted tweets bc of the @115858 GLITCH",2009461,,2009463.0
2487212,710389,True,Wed Nov 15 15:05:02 +0000 2017,Okay i can’t play these games anymore @115858 when the FUCK are y’all gonna fix “I” from being “I️”,2487211,,2487212.0
2587915,231157,True,Mon Oct 30 18:09:31 +0000 2017,"Dear @115858 the “live on” default for the camera SUCKS. And yes, I’ve attempted to turn it off multiple times.",2587913,,2587915.0
1645103,502706,True,Mon Nov 06 00:01:52 +0000 2017,@AppleSupport  any ideas what’s going on here? I️ didn’t see this until someone asked me about it.. now it won’t go away. https://t.co/T9X6jO3IeV,1645102,,1645103.0
2302709,668206,True,Sun Nov 12 15:44:58 +0000 2017,Yo when is @115858 gonna fix this I️ problem? It’s annoying af,2302708,,2302709.0
1995420,590044,True,Fri Nov 03 05:11:34 +0000 2017,@AppleSupport can you please fix this I️ issue. I’m tired of having to maneuver “I’m” into every conversation instead of “I️”,1995419,,1995420.0
2303451,592829,True,Sun Nov 12 16:53:27 +0000 2017,"@115858 can you please stop sending me useless updates!! they are not solving the issue 🤷🏽‍♀️

Thank You,
Very unhappy Loyal Customer 😒",2303450,,2303451.0
1866291,557565,True,Fri Oct 20 18:01:08 +0000 2017,@AppleSupport I upgraded my phone to the newest i0s and my phone won't fully charge and my CAMERA won't open sos help,1866290,,1866291.0
2688168,274753,True,Sun Nov 19 06:57:59 +0000 2017,"Must be a bug , not an unleaked LOCKSCREEN ON the @AppleSupport  iPhone. https://t.co/qU3xmwzVFi",2688167,,2688168.0
804109,311629,True,Thu Oct 12 16:25:31 +0000 2017,@115858 @AppleSupport I can’t believe how my iphone works since iOS 11.0.2. Every app crash my phone. What the hell?! FIX IT!!!! 😠😠 #iOSCrash,804107,,804109.0
2308723,669664,True,Mon Nov 13 01:46:03 +0000 2017,I updated my phone and I still see boxes with questions marks @115858,2308721,,2308723.0
1947729,136959,True,Mon Oct 30 12:59:08 +0000 2017,hey @AppleSupport A number of people have reported the issue about constant freezing with high Sierra. https://t.co/jYm3sXUMBx you respond?,1947728,,1947729.0
1643901,502400,True,Sun Nov 05 23:24:55 +0000 2017,if @115858 doesn’t fix this glitch with the i️ soon. ima lose my shit.,1643899,,1643901.0
215387,150608,True,Thu Oct 05 00:28:25 +0000 2017,My phone just gonna keep going black and white till I update ?!?! @AppleSupport,215386,,215387.0
1810069,300515,True,Sat Oct 14 18:56:52 +0000 2017,Why the fuck are my message previews off and show on lock screenOFF but I can still see notification banners on my lock screen @AppleSupport,1810068,,1810069.0
1882484,561764,True,Sat Oct 21 18:17:46 +0000 2017,"@115858 @AppleSupport @157399 What’s going wrong with my #iPhone7plus #Ios11update  #ios1103 
Seriously Disappointed here too slow now https://t.co/ioqIStVj1g",1882483,,1882484.0
2286939,664477,True,Sat Nov 11 21:19:15 +0000 2017,@AppleSupport my smart battery case will recognize my iPhone what should I do?,2286938,,2286939.0
1003743,357576,True,Sun Oct 22 12:42:12 +0000 2017,My phone freezes every 10 minutes and has to be reset thanks to this update. S/o @115858 @AppleSupport — top notch. https://t.co/VWqoC5RArN,1003741,,1003743.0
2010255,329562,True,Fri Nov 03 14:46:49 +0000 2017,"@AppleSupport are you planning on fixing the bug causing all these weird characters when trying to use the letter 👁

I️",2010254,,2010255.0
1754088,528324,True,Tue Nov 07 16:22:13 +0000 2017,@AppleSupport @115858 PLEASE fix this glitch with I,1754087,,1754088.0
215756,167302,True,Wed Oct 04 21:48:06 +0000 2017,"Nope. Mine was off. Battery still draining super fast w/ iOS11.
Fix needs to be made by @AppleSupport https://t.co/mOyjmUJNsG",215755,,215756.0
1878089,335833,True,Sat Oct 21 02:58:19 +0000 2017,So the guy @115858 also hung up when he heard it was a @115714 issue,1878088,,1878089.0
2622673,740944,True,Fri Nov 17 13:37:58 +0000 2017,"On another note, I️ am so annoyed I️ can’t type I️ without the glitch. #Apple #iphone thanks @115858 @AppleSupport when you fixing this?",2622672,,2622673.0
396107,209786,True,Mon Oct 09 17:10:29 +0000 2017,@AppleSupport Cannot use Google Drv/Files App  get: you cannot us this current account because it contains restricted data,396104,,396107.0
81825,134124,True,Thu Nov 30 05:13:35 +0000 2017,@AppleSupport I am beginning to believe the rumor that the latest iPhone upgrade is faulty in part to force us to buy new phones...I’m on a fixed income now my phone should not be worn out...it’s certainly no fun to use now it’s so slow.. iPhoto slow and the phone drops calls..,81823,,81825.0
2022041,598024,True,Mon Nov 06 03:19:17 +0000 2017,@AppleSupport I’m getting annoyed with ios11. Whenever WiFi is on it affects my 3g cos it keeps searching for a hotspot n affects surfing,2022040,,2022041.0
1014371,360023,True,Sat Oct 14 13:38:01 +0000 2017,What happen to the new emojis that was suppose to come out 🤔 @AppleSupport,1014370,,1014371.0
2027271,599501,True,Mon Nov 06 17:23:38 +0000 2017,@115858 please fix the I bug.,2027270,,2027271.0
1752115,527860,True,Tue Oct 17 20:27:03 +0000 2017,@AppleSupport is iTunes down? Have purchased songs but they say unavailable to download at this time?!!!,1752114,,1752115.0
704547,288365,True,Thu Nov 23 17:55:48 +0000 2017,@AppleSupport How can I get support today for an iphone issue? #unhappycustomer,704546,,704547.0
361755,121732,True,Sun Oct 08 15:28:14 +0000 2017,@AppleSupport Why is my iPad Air 2 showing a ‘1’ badge icon for an update but then showing iOS 10.3.3 is ‘Up to Date’?! https://t.co/6Z7OwKGXDD,361753,,361755.0
2273921,635018,True,Sat Nov 11 04:23:49 +0000 2017,@AppleSupport my mail won’t let me send emails! This is a huge problem! Please help,2273920,,2273921.0
2758251,771866,True,Tue Nov 21 03:35:24 +0000 2017,I’ve been a loyal iPhone user for several years now. Never considered switching to any other device until I posted a Facebook comment with a glitch I couldn’t change or control. @115858 this is truly amateur hour.,2758250,,2758251.0
2712558,761552,True,Mon Nov 20 03:15:05 +0000 2017,@115858 @AppleSupport plz fix my new iPhone X keep on getting error no sim installed #glitch #iphonexproblem,"2712557,2712559",,2712558.0
1865808,557424,True,Fri Oct 20 16:45:55 +0000 2017,"@AppleSupport Had an 8 as a gift from U.S.Said ""can be used in Turkey with guarantee"".It isn't working.Turkey doesn't give technical support",1865807,,1865808.0
1197469,401357,True,Sun Oct 15 22:00:26 +0000 2017,My year old #IPhone cuts out when the battery gets to 20%. I think it's about time I give up on @AppleSupport and get a decent phone.,1197468,,1197469.0
2061878,609785,True,Fri Oct 06 04:29:05 +0000 2017,"iOS Mail gets buggier with every update. Tells me “Last updated yesterday”, when I see new mail. Then says X unread, but 0 unread. @115858",2061877,,2061878.0
548037,247514,True,Sat Dec 02 12:24:21 +0000 2017,@AppleSupport apps are crashing every 10 secs!,548036,,548037.0
998099,356338,True,Sun Oct 22 15:14:05 +0000 2017,"@AppleSupport How can I turn off these annoying ""iCloud Storage is Full"" messages on a Mac?",998098,,998099.0
2417470,694716,True,Tue Nov 14 17:22:03 +0000 2017,"Hey @AppleSupport, your recent iOS updates have turned my iphone into a paper weight. Fix it!!!",2417469,,2417470.0
168753,155285,True,Fri Nov 24 20:56:26 +0000 2017,@115858 @AppleSupport Yay! Thanks Apple for the update. I love the fact that my work phone messages keeps crashing. Thanks! 😡 https://t.co/tNYzACj0L0,168752,,168753.0
2182376,350265,True,Thu Oct 19 04:20:35 +0000 2017,@AppleSupport Ive received an email stating they were you. Is there an email to report forward spam spoof phishing emails?,2182374,,2182376.0
2123871,418022,True,Wed Nov 08 14:59:44 +0000 2017,@115858 u gonna make me type like how me does talk sometimes wit me Caribbean accent. Fix y’all letter EYE nah?? stwwpppsss me ain’t able wit dis nonsense nomore,2123869,,2123871.0
2040796,184037,True,Tue Nov 07 23:22:05 +0000 2017,Hey @115858 just to confirm that updating from iOS 10 to #iOS11 just made my iPhone SE ssssloooww... slow. Slow. As with every iOS update. Thanks!,"2040795,2040797",,2040796.0
2945695,813660,True,Wed Nov 29 13:08:41 +0000 2017,I updated to High Sierra and now my finder search function is absolutely rubbish. It cant find filenames of things that are blatantly right there. @AppleSupport,2945694,,2945695.0
856115,323302,True,Fri Oct 20 14:59:32 +0000 2017,"@AppleSupport Since I updated to the iOS 11.0.3 my iPhone 7+ is disconnecting on its own from my cellular data, and the battery life is bad",856114,,856115.0
2640995,745300,True,Fri Nov 17 21:11:39 +0000 2017,@AppleSupport  the way @115858 treats its customers  infuriates me when it’s out of your control. Can’t even update apps Im changing 2 droid,2640994,,2640995.0
1762131,530208,True,Tue Nov 07 19:08:57 +0000 2017,fix ur shit @115858 i️,1762130,,1762131.0
1772208,532660,True,Wed Nov 08 01:23:38 +0000 2017,"Sooo, we’re just not gonna actually fix this. I️ I️ I️ @115858",1772206,,1772208.0
633865,270251,True,Wed Nov 22 16:07:29 +0000 2017,"Why I experience stutters, freezing apps and slow animations on a $1200 phone that was released 3 weeks ago is insane. Either fire Craig or figure something out. @116333 iOS 11 = Vista",633864,,633865.0
1467816,460702,True,Thu Nov 02 14:58:33 +0000 2017,Why do I keep getting this every single 🤬 time I try to use iTunes? I don’t even live near London.  @115858 @AppleSupport @115948 https://t.co/dSDqEAQ1sZ,1467815,,1467816.0
2405057,691769,True,Tue Nov 14 10:17:12 +0000 2017,"@AppleSupport i can not verify on my iphone, What should I do ?",2405056,,2405057.0
1798976,540548,True,Sat Oct 14 02:30:00 +0000 2017,Phone broke today. Went to Apple. Connected to iMessage on one of their desktops while I waited. Just got a noti that someone is using it currently. Uhhh how do I disable this? @AppleSupport,1798975,,1798976.0
2313931,670987,True,Sun Nov 12 22:38:03 +0000 2017,@115858 pls stop this I️ I️ I️ I️ I️ I️ I️ I️ hate it,2313930,,2313931.0
2347618,678693,True,Mon Nov 13 15:42:11 +0000 2017,How on earth has @115858 not fixed the I️ yet???,2347617,,2347618.0
1816564,545694,True,Wed Oct 18 02:51:01 +0000 2017,@115858 my Mac won't turn on 😡😡,1816562,,1816564.0
1598593,490989,True,Sun Nov 05 00:48:40 +0000 2017,"Apple has really been slacking lately with these updates! First my phone’s freezing and stuff. Now, wth is an I️? @AppleSupport",1598592,,1598593.0
2874133,797919,True,Tue Nov 28 04:04:33 +0000 2017,"#applemalaysia #apple @116333  receive an iphone x with dust under the camera lens. been directed to get my device open just to clean it, not happy at all, is this what you call 100% customer satisfaction? I don't think so",2874132,,2874133.0
36106,123853,True,Wed Nov 01 13:31:40 +0000 2017,What’s the activity setting for #Zumba (or similar) on the #apple #watch ? @AppleSupport #series2 #queries @115858 #tellmequick,36105,,36106.0
2709948,760952,True,Mon Nov 20 01:44:24 +0000 2017,"@116333 For iOS12... save us the big presentation, the big wait and all the highlights and just release a software that works right when it's released. AND PLEASE do something about these boxes and A's showing up on my phone. Please &amp; thank you.",2709946,,2709948.0
1851000,554075,True,Wed Oct 18 22:43:21 +0000 2017,"Literally buying @122609 from now on, this @115858 update is the worst thing ever. Maps got me lost 3 times today and the dock is SHIT. #changeup",1850999,,1851000.0
556013,249877,True,Sat Dec 02 16:24:48 +0000 2017,"@AppleSupport help me out, I have bought a MacBook Air 2 days ago and I’ve just opened it and the screen is broken",556012,,556013.0
2212803,646698,True,Fri Nov 10 03:01:44 +0000 2017,@115858 fix i️t now,2212802,,2212803.0
1346236,433922,True,Mon Oct 16 10:41:14 +0000 2017,"@AppleSupport a query, thinking of getting Apple watch 3 will this work with other BT headphones? Eg Bang&amp;Olufsen H5
Advise appreciated",1346235,,1346236.0
2984747,823046,True,Mon Nov 20 22:57:10 +0000 2017,"#ios11 has ruined my phone! It’s slow, it lags, it freezes. The Bluetooth lags! My phone was working perfect!! Is it possible to restore an older version? @AppleSupport @115858",2984746,,2984747.0
1849128,553663,True,Wed Oct 18 19:45:39 +0000 2017,Any danger of my gadget working any time soon @115858 ? Absolute piece of junk,1849127,,1849128.0
2252655,656243,True,Mon Nov 06 20:19:17 +0000 2017,@AppleSupport why is the letter “I” being recognized as a “symbol” instead of a regular letter with this new update? Fix it please.,2252654,,2252655.0
1556370,481194,True,Sat Nov 04 01:52:02 +0000 2017,Can anyone tell me why when I lightly tap the home button twice on my iPhone the screen goes down to half size ???? @AppleSupport https://t.co/3WwJu8zS3f,"1556368,1556372,1556373",,1556370.0
808231,312580,True,Thu Oct 12 18:06:52 +0000 2017,Thanks #apple @AppleSupport for giving me only 4hrs of battery life w/ iOS 11.0.3 I now have to charge my iPhone 6s 3xs a day. Pls Fix it!! https://t.co/0cpsPNZGJW,808230,,808231.0
1880824,561330,True,Sat Oct 21 09:19:04 +0000 2017,@115858 @AppleSupport #ios11update is the worst ever os since apple started making iPhones Battery life almost half and started hang problems,1880823,,1880824.0
2114738,128272,True,Wed Nov 08 15:24:37 +0000 2017,@115858 @AppleSupport CAN YOU PLEASE FIX THIS !! All of my friends phones are doing this !!! https://t.co/pdx3oXXjTY,2114737,,2114738.0
1797304,540047,True,Fri Oct 13 21:23:43 +0000 2017,Today my iPhone went from 52% down to 5% in a space of a minute listening to 1 voicemail 😭 @115858 @AppleSupport #iOS11 #raging,1797303,,1797304.0
1148394,390253,True,Sun Oct 15 16:49:45 +0000 2017,Help! My MacBook has been stuck on this screen for nearly 3 hours 😭😭 @AppleSupport #MacBookPro #Apple https://t.co/tDkwsibKKI,1148392,,1148394.0
2976652,820928,True,Thu Nov 16 16:05:09 +0000 2017,"Useless error messages that provide no direction or context to a user, and can't lead to any further action, should not be showing up in integral @115858 software. #iCloud @AppleSupport https://t.co/KQrQyqIGyt",2976650,,2976652.0
2072341,612932,True,Sat Oct 07 18:06:11 +0000 2017,"@115858, thanks for the new battery-draining, app-crashing, vertigo-inducing update. IT’S CRAP! You’re crooks.",2072340,,2072341.0
460861,224486,True,Fri Dec 01 01:45:03 +0000 2017,"Another @115858 #ios11 bug - search textbox in Settings disappears, and the little “x” (to clear the input) follows as you scroll. This release is a QA disaster. https://t.co/dApuyRo3vp",460860,,460861.0
2955466,815847,True,Wed Nov 29 18:50:49 +0000 2017,@AppleSupport I have two iPads and iMessage and FaceTime are not working. Have checked Apple ID and all ok. Is iMessage down? Please help,"2955464,2955470,2955471",,2955466.0
1133155,387008,True,Tue Oct 24 04:30:20 +0000 2017,@AppleSupport why is this popping up when I click the red 2? 😬 https://t.co/jTgKkqBv4o,1133154,,1133155.0
1396723,444798,True,Sat Oct 28 13:51:23 +0000 2017,Dear Apple iOS 11.0.3  I miss my Night Mode to tone down the screen brightness @115858  @AppleSupport,1396720,,1396723.0
2853879,793352,True,Mon Nov 27 20:09:45 +0000 2017,This whole not being able to use the letter ℹ️ really gets to me. Please fix it @115858!!,2853878,,2853879.0
712073,204825,True,Tue Oct 10 19:05:41 +0000 2017,Hey @AppleSupport why can't i leave a group chat of 3 people? 3 people isn't a group?,712072,,712073.0
1872079,559029,True,Fri Oct 20 02:12:02 +0000 2017,"@AppleSupport ordered full price iPhone, express overnight. Fedex lost. your people tell me 4 days to resolve. need it tomorrow!!! android?",1872078,,1872079.0
1742590,525656,True,Tue Nov 07 05:06:43 +0000 2017,Hey @115858 @AppleSupport A ? Hate this error. When are you going to fix it?,1742589,,1742590.0
1267166,322211,True,Thu Oct 26 06:31:37 +0000 2017,Ever since the new iPhone cams out mine hasn’t been the same @AppleSupport,1267165,,1267166.0
717573,291818,True,Fri Oct 06 06:01:12 +0000 2017,@AppleSupport I hate the new update it keeps freezing my phone wassup with that ?,717572,,717573.0
228468,170458,True,Wed Nov 15 04:37:14 +0000 2017,Is anyone else having like hella problems with their phones? @115858 got me hella fucked up rn,228467,,228468.0
2013457,595368,True,Sun Nov 05 05:12:33 +0000 2017,@AppleSupport I’ve been getting these notifications today. https://t.co/exDpdLejti,2013456,,2013457.0
1990005,513638,True,Thu Nov 02 13:24:38 +0000 2017,@115858 i️m giving you 24 hours to fix this box problem... and then i️m taking my talents to @122609,1990004,,1990005.0
539962,245233,True,Sat Dec 02 05:26:46 +0000 2017,Every 3 minutes my phone restarts 😕 what is happening @AppleSupport,"539963,539961",,539962.0
1392074,443770,True,Sat Oct 28 04:16:47 +0000 2017,why does my phone keep deleting my music? 😤😒😒😒😒😒😒😒 WTF @AppleSupport,1392072,,1392074.0
1984548,587436,True,Thu Nov 02 01:27:27 +0000 2017,"@115858 your update just got my iPhone súper slow!!! And the battery runs out ultra fast, seriously you need to do something ASAP or android",1984547,,1984548.0
39660,124680,True,Wed Nov 01 11:21:34 +0000 2017,"Since I’ve updated my @115858 6SPlus to the new IOS11.1 yesterday, its been super slow,unresponsive,freezes all time and no sound at speaker!",39659,,39660.0
2020062,597372,True,Wed Oct 18 20:48:54 +0000 2017,@AppleSupport my messages have vanished? Settings have Message History saved forever. Storage is not the issue. I lost very important info,2020061,,2020062.0
2321877,672826,True,Mon Nov 13 07:28:16 +0000 2017,"@115858 Thank u Apple we have lost our datas while sleeping , me and my brother has the same issue we were not updating our phones https://t.co/qgNonG7fC2",2321876,,2321877.0
1638793,501113,True,Sun Nov 05 15:02:12 +0000 2017,@AppleSupport How much does it cost to have a MacBook Pro wireless card replaced in your shops?,1638792,,1638793.0
1224358,407241,True,Fri Nov 03 16:52:27 +0000 2017,@AppleSupport hey what’s going on on the iPhone X lock screen? The phone service name on its own? Weird. https://t.co/GZU8Da4Mdc,1224356,,1224358.0
2309863,564309,True,Thu Oct 19 21:16:39 +0000 2017,"@AppleSupport the iOS 11.0.3 update, how the screen looks going back to home, is seriously messing with my #Menieres disease. How to fix?",2309861,,2309863.0
90683,135635,True,Thu Nov 30 14:41:15 +0000 2017,"Beste @AppleSupport, hoe zorg ik ervoor dat foto’s en filmpjes  niet DIRECT in iCloud worden opgeslagen? Echt totaal idioot dat ik ze, twee minuten na het nemen, weer moet downloaden om ze aan iemand te versturen. Help, bitte!","90682,90684,90685,90686",,90683.0
316129,191482,True,Sat Nov 11 01:22:24 +0000 2017,Hey @115858 why the hell haven’t y’all fixed this stupid question mark glitch? Shit been going on for too long and is getting annoying. Step yo game up with y’all rich asses,316128,,316129.0
2798385,780772,True,Tue Nov 21 22:59:48 +0000 2017,In August 2016 I did buy an @115858 Iphone. In November 2017 already problems with the microphone. Too fast. I expect better quality next time. @AppleSupport,2798384,,2798385.0
2455359,703374,True,Wed Nov 15 03:29:38 +0000 2017,@AppleSupport please check your dms with me please!!,2455358,,2455359.0
1106630,381172,True,Tue Oct 24 00:29:02 +0000 2017,"@applesupport 11.0.3 battery
After upgrading to 11.0.3, battery life decrease. touch id stop working properly. touch screen acts up",1106628,,1106630.0
505108,235789,True,Fri Dec 01 20:22:01 +0000 2017,"GarageBand is getting completely ridiculous now. It won’t let you upload it to YouTube, you have to put it on iMovie and crop it down to how long it needs to be.
Please change this @AppleSupport",505107,,505108.0
842543,320395,True,Sun Oct 15 17:54:17 +0000 2017,@AppleSupport my phone is so much slower since the ios11 update when will it speed up again. Very frustrating.,842538,,842543.0
2143931,630340,True,Wed Nov 08 23:34:31 +0000 2017,"طيب انا مش هاخد جايزة اني كسرت 3 ايفون وايباد في اسبوعين؟

@115858 @AppleSupport",2143929,,2143931.0
1009306,358822,True,Sun Oct 22 20:01:32 +0000 2017,This new software update has made me phone gan crackers sort it out please fellas @115858,1009305,,1009306.0
333636,195486,True,Sat Oct 07 17:50:25 +0000 2017,.@115858 Please fix battery drain issues on iDevices. iOS 11 is a BATTERY HOG!,333635,,333636.0
363763,202205,True,Sun Oct 08 17:03:11 +0000 2017,@AppleSupport come on get it together with this new update and fix this battery draining issue! #ios1102,363762,,363763.0
1724401,521563,True,Tue Nov 07 03:41:37 +0000 2017,@AppleSupport you guys are killing me: https://t.co/Fetq82HEaZ,1724399,,1724401.0
2404922,691740,True,Tue Nov 14 11:50:34 +0000 2017,@115858  should fix this bug shit with the letter “ I️ “ . . Smh this shit is getting VERY Aggravating 🤦🏾‍♀️,2404921,,2404922.0
1538031,476795,True,Fri Nov 03 21:07:00 +0000 2017,@AppleSupport hello it is taking a long time for my Apple ID to be set up on the #iPhoneX so it your servers regards,1538030,,1538031.0
1470892,461420,True,Thu Nov 02 23:35:53 +0000 2017,@AppleSupport My iPhone won’t sync my iTunes playlists anymore. It wiped them off the device. Any ideas?,1470890,,1470892.0
2507376,714871,True,Wed Nov 15 20:10:28 +0000 2017,"@AppleSupport Hello, I wonder if your store on 5th Avenue in Manhattan are still selling the Iphone X today (11/15) and whether this sale will be permanent or for a limited time. I live far away but I'm thinking of going to New York in the store to buy. Can you answer me please??",2507375,,2507376.0
2000752,423772,True,Thu Nov 02 23:32:20 +0000 2017,@115858 is this a bug? Have tried resetting and doesn’t help. https://t.co/Ytq4Ic48EM,2000751,,2000752.0
362491,201854,True,Sun Oct 08 10:43:19 +0000 2017,"@AppleSupport hey there, at latest version of ios why this happens? https://t.co/KQMk2EmWQd",362490,,362491.0
265019,179133,True,Thu Oct 05 22:10:01 +0000 2017,Nothing pisses me off more than a fuckin number I BLOCKED still getting through to my fuckin voicemail @115858 what the fuck,265018,,265019.0
902869,334333,True,Thu Nov 02 06:32:39 +0000 2017,"Hey 
I bought  My 1st NEW Iphone on 19OCt2017 from the same day I face issue with charger and speaker. I call and take with Call  @115858",902868,,902869.0
2122208,625232,True,Wed Nov 08 15:45:24 +0000 2017,Hey @AppleSupport all of your new updates suck! My phone hasn’t been right since the iPhone 8 came out! Do something quick before I have to switch over to the android system! #MakeIphoneGreatAgain,2122207,,2122208.0
1168878,394944,True,Tue Oct 24 18:49:38 +0000 2017,@115858 so sucks how I downloaded new update and now my phone sucks.  Weird how it happens right before the x comes out,1168877,,1168878.0
1288227,208341,True,Thu Oct 26 18:59:36 +0000 2017,@AppleSupport I have a problem with Apple Music,1288226,,1288227.0
229177,170653,True,Wed Oct 11 17:28:20 +0000 2017,"@AppleSupport after ios11 update my iPhone 6 hangs, has become slow, battery drains quickly..  what do I do .. the ph is still in warranty 😡",229176,,229177.0
2072142,612865,True,Sat Nov 25 11:21:47 +0000 2017,"Even my beloved dictionary IS NOT WORKING WITH IOS 11 CUZ IOS IS TOO ADVANCED FOR IT
@115858 why you do this? https://t.co/kDyJMAMwCx",2072140,,2072142.0
2578671,731059,True,Thu Nov 16 20:44:15 +0000 2017,"So my new iPhone has a nifty camera but it doesn't actually work as a phone--reception for calls, texts is absolute crap. WTF, @115858?",2578668,,2578671.0
2805966,782596,True,Wed Nov 22 03:14:02 +0000 2017,Why the fuck is my bluetooth always on @797 @115858 I didn’t ask for it to be on why the fuck do you keep turning on stop it,2805965,,2805966.0
1691849,513549,True,Mon Nov 06 18:31:03 +0000 2017,"@AppleSupport why don’t I have the TV and News app on my iPhone, it’s running on the latest iOS 11 software? https://t.co/3RVcubzCAU",1691848,,1691849.0
1676993,510098,True,Mon Nov 06 06:49:48 +0000 2017,@115858 the new update ruined my phone,1676992,,1676993.0
2947110,813986,True,Wed Nov 29 14:34:39 +0000 2017,"@AppleSupport I have a brand new iPhone 7 Plus that I’ve been using for 3 weeks, out of the blue I’m getting a “no SIM card installed” error. Tried turning phone off, updating software/carrier settings, resetting. Ideas?",2947109,,2947110.0
1589927,488867,True,Sat Nov 04 20:00:47 +0000 2017,Hey @AppleSupport @115858  since the last update every time I️ type the letter “I️” I️ get this *please see pic* https://t.co/k5SbJKOzsk,1589926,,1589927.0
1772891,532844,True,Wed Nov 08 01:40:40 +0000 2017,@AppleSupport I downloaded (not installed) iOS 11.2 beta 2 I get home and now all my photos are reinstalling and missing half! Help!!,1772890,,1772891.0
1500786,468433,True,Fri Nov 03 07:33:13 +0000 2017,@115858 @AppleSupport fix the bug on this new update. Thanks,1500784,,1500786.0
1220001,406228,True,Wed Oct 25 14:29:33 +0000 2017,@AppleSupport how do I make Siri stop giving me weather info on Hollywood FL instead of Hollywood CA?,1219999,,1220001.0
456143,206716,True,Thu Nov 30 23:48:17 +0000 2017,"@AppleSupport why is there a tiny circle with my friend’s face in it on this station in @115948? I’ve never seen this before, and tapping directly on it just plays the station. No other stations have this. https://t.co/2tJzEZPQRF",456142,,456143.0
1470097,461219,True,Thu Nov 02 23:17:52 +0000 2017,YO @115858 CAN WE QUIT THIS SHIT https://t.co/5bcRfPrR7C,1470095,,1470097.0
1335542,431555,True,Mon Oct 16 06:52:25 +0000 2017,@AppleSupport il y a comme un léger bug... https://t.co/OjXPlzpger,1335541,,1335542.0
2518172,717308,True,Wed Nov 15 23:31:33 +0000 2017,"Is it just my phone or the AppStore fucking up and not downloading or updating things? Been stuck here for over 15 minutes. Tried restarting etc.

iOS11 sucks ass.

@AppleSupport https://t.co/tCrPdczSkz",2518170,,2518172.0
1533795,458606,True,Fri Nov 03 19:33:24 +0000 2017,@AppleSupport Do I need a genius reservation to purchase?,1533794,,1533795.0
2490731,711165,True,Wed Nov 15 17:06:40 +0000 2017,@AppleSupport why tf does my iPhone keep autocorrect “in” to “I.n”? https://t.co/IOt7AHisrM,2490730,,2490731.0
1517047,471972,True,Fri Nov 03 13:58:21 +0000 2017,Fix this update @AppleSupport @115858 why can’t I️ type the letter “I️” why the hell are these special characters in my predictive text?!?,1517046,,1517047.0
1592356,248094,True,Sat Nov 04 21:23:23 +0000 2017,So when is @115858 gonna fix these i’s?,1592355,,1592356.0
2028627,599905,True,Mon Nov 06 20:27:19 +0000 2017,@AppleSupport I️ am tired of my phone doing I️t. Any help?,2028626,,2028627.0
652791,275211,True,Sun Oct 15 20:05:33 +0000 2017,@115858 I did the update and now this happened to my iPad Pro 😢 https://t.co/IB277UuriG,652790,,652791.0
2756825,583176,True,Tue Nov 21 02:24:32 +0000 2017,Is anyone else having problems with their iOS? My phone keeps crashing and just erased all my pictures. What’s happening @AppleSupport,2756824,,2756825.0
1596112,490368,True,Sat Nov 04 18:05:25 +0000 2017,"Dear @115858, please fix this horrendous keyboard malfunction NOW.",1596111,,1596112.0
2966640,818430,True,Wed Nov 29 22:41:46 +0000 2017,@115948 my Apple Music app has stopped working.iphone7.reser phone and deleted app and reloaded.just getting black screen. @AppleSupport,2966638,,2966640.0
94783,136592,True,Thu Nov 30 15:31:55 +0000 2017,@AppleSupport any idea what this means when I restart my 2016 MacBook Pro? https://t.co/koXIkQ3Lio,94782,,94783.0
94776,136589,True,Thu Nov 30 15:30:34 +0000 2017,@AppleSupport can you please fix this issue? Why is it that when I swipe left from contacts I get blurry shakey screen?! https://t.co/tij2PjYKPU,"94772,94779",,94776.0
1692544,219092,True,Mon Nov 06 15:29:37 +0000 2017,"@116068 @115890 @AppleSupport after a few hours of inactivity i cannot send/receive email (iPhone X, iOS 11.1, exchange account) https://t.co/3nYpydnkwe","1692543,1692545",,1692544.0
2754736,771051,True,Mon Nov 20 21:11:14 +0000 2017,@AppleSupport @115858 how come my brother can unlock my phone with his face i thought face id was more secure than thumbprint??,"2754734,2754738",,2754736.0
2027180,599463,True,Mon Nov 06 17:13:07 +0000 2017,@115858 fix this. I️ want to type in peace,2027179,,2027180.0
430779,217437,True,Tue Oct 10 11:58:18 +0000 2017,Since downloading iOS11 my phone refuses to work as a phone. @AppleSupport can you fix this,430777,,430779.0
2060769,609482,True,Sat Oct 07 15:15:11 +0000 2017,Hey @115858 11.0.2 drains the battery on iPhone 7 really fast.  Should’ve ignored the update like usual.  #thisstinks,2060768,,2060769.0
2401264,690890,True,Fri Oct 20 04:27:20 +0000 2017,@AppleSupport my messages app disappeared off my home screen on my iPhone 7+ I have no idea what to do to get it back.,2401263,,2401264.0
939084,342616,True,Sat Nov 25 16:38:10 +0000 2017,@AppleSupport so I have an iPhone 6s Plus and I had 0 issues with until now. It takes forever to charge and the battery only lasts like 2-3 hours tops...... so can you guys fix this or not? Because this is ridiculous,939082,,939084.0
543708,246296,True,Sat Dec 02 08:22:26 +0000 2017,".@AppleSupport @115858 - how come there isn't already information here about the widely reported ""2nd December"" bug - my phone keeps crashing/re-starting. I'm due an upgrade and so if this isn't fixed soon and fully I'll be choosing @122986 #Pixel2 Poor.........",543707,,543708.0
1905821,567893,True,Wed Oct 25 06:46:19 +0000 2017,"The iPhone update has fucked my phone in many ways, most annoying being my alarm is now silent 🙃 great help @115858",1905820,,1905821.0
824103,316305,True,Fri Oct 13 00:04:04 +0000 2017,@AppleSupport do you still offer the mail in battery replacement service on iPhone 5s? Will need it soon. Curious. Thanks,824102,,824103.0
1328625,429972,True,Fri Oct 27 03:42:27 +0000 2017,Cmon @AppleSupport I’ve been trying to resolve an issue for almost an hour over $6.51. I’ve always told people you were easy to work with.,1328624,,1328625.0
167304,154906,True,Fri Nov 17 21:03:53 +0000 2017,"@AppleSupport is blaming @115777, and vice versa. Users are quitting Safari over this in OS High Sierra. Someone please take ownership and fix this annoying issue. - 200+ Apple &amp; Adobe users https://t.co/w2SjqmGar6",167303,,167304.0
1691775,513528,True,Mon Nov 06 18:42:58 +0000 2017,@115858 can y’all fix this? i️,1691774,,1691775.0
1761116,529993,True,Tue Nov 07 18:00:54 +0000 2017,"@AppleSupport por favor corrijan el error del Dock podía deshabilitar el wifi directamente de ahí,ahora solo se desconecta https://t.co/SeDyDs2CHE",1761115,,1761116.0
517210,239249,True,Sat Dec 02 00:41:03 +0000 2017,@AppleSupport @115858 Please fix the iOS glitch that restarts our phones every 5 mins.,517209,,517210.0
2294429,666248,True,Sat Nov 11 22:08:01 +0000 2017,My. FUCKING music cuts out like 15 seconds before the song ends. @115858 HELLO?,2294428,,2294429.0
1072703,373120,True,Mon Oct 23 16:09:28 +0000 2017,"Yo, @115858, I updated my phone and can no longer effortlessly listen to today’s podcasts... 👎👎👎 https://t.co/UDX89rDzo3",1072702,,1072703.0
2019438,597180,True,Sat Nov 04 19:50:45 +0000 2017,@AppleSupport can you explain why after your recent update my phone’s charge and battery life is non-existent ?????????????????????@115858,2019437,,2019438.0
641923,272336,True,Wed Nov 15 22:00:02 +0000 2017,@AppleSupport How much ram does the Iphone 8 respective the Iphone 8 plus and will it be enough for heavy multitasking?I am also wondering if IOS 11 supports split view?,641922,,641923.0
2343728,677833,True,Mon Nov 13 13:01:08 +0000 2017,"@AppleSupport My iPhone X screen keeps twitching when on the home screen, anybody else have this? Any suggestions?",2343727,,2343728.0
184395,159399,True,Sat Nov 11 07:42:49 +0000 2017,"@115858 with respect to you...
Please help me..
updated my 📱 and know i can't access it?",184394,,184395.0
613121,156141,True,Wed Nov 22 05:36:07 +0000 2017,@AppleSupport hey! Please I need help with my phone,613120,,613121.0
2055745,607960,True,Fri Oct 06 16:08:43 +0000 2017,"Anyone else's iPhone not ringing/buzzing for incoming calls/texts under @115858's god-awful iOS11 update?? Seeking a fix.
(cc: @AppleSupport)","2055743,2055746,2055747",,2055745.0
964032,292660,True,Wed Oct 11 14:25:50 +0000 2017,@AppleSupport how can I find out what my payoff would be if I want to pay off my iPhone upgrade plan early?,964031,,964032.0
1704648,516694,True,Mon Nov 06 20:58:11 +0000 2017,Why did I update my iPhone it’s battery is abysmal now. Damn you @115858 why would you do this to our phones.,1704647,,1704648.0
701603,287490,True,Thu Nov 23 15:57:55 +0000 2017,"Hey, @115858 it's hard to schedule a GeniusBar appointment if I can't receive the two-factor authentication on my broken phone #help  https://t.co/yFihu3pwWM",701602,,701603.0
512509,237867,True,Fri Dec 01 23:03:56 +0000 2017,@AppleSupport hi! My phone’s going crazy. The white loading wheel appears every 2-4 minutes.,"512508,512510",,512509.0
1706962,517304,True,Mon Nov 06 21:27:55 +0000 2017,@AppleSupport @115858 fix the I️ issue please,1706961,,1706962.0
2505001,714339,True,Wed Nov 15 20:57:57 +0000 2017,@AppleSupport high sierra bootcamp partition doesn't work. Is the a bug?,2505000,,2505001.0
1674163,509403,True,Mon Nov 06 04:15:13 +0000 2017,@115858 help https://t.co/5Id9QxCqqN,1674162,,1674163.0
1833898,201600,True,Wed Oct 18 07:32:01 +0000 2017,Does anyone else’s alarm just stop waking them up since #iOS11? Twice this week now. WTF @115858?,1833897,,1833898.0
1811562,517921,True,Sun Oct 15 00:49:27 +0000 2017,I swear @115858 is messing with my iPhone 7 forcing me to get the new one ...,"1811563,1811561",,1811562.0
770940,304122,True,Wed Oct 11 23:02:17 +0000 2017,Soooo new @115858 update #iOS11 keeps connecting my iphone to WiFi even with it turned off,770939,,770940.0
2093729,618635,True,Wed Nov 08 03:33:33 +0000 2017,Idk about going team droid but Apple do need to work on this @AppleSupport #apple https://t.co/5Y0dCyGaxQ,2093728,,2093729.0
242688,173649,True,Wed Oct 04 15:43:56 +0000 2017,@AppleSupport have new iOS software (on iPhone 7) and the bloody alarm doesn't work. Please advise on this very basic function,"242685,242691",,242688.0
401648,210978,True,Mon Oct 09 19:05:52 +0000 2017,"My sister’s macbook pro seems to have the #staingate issue. Disappointed with the standard of quality from @115858 products.

@AppleSupport https://t.co/gab9lT0iPz",401647,,401648.0
652749,275199,True,Sun Oct 15 19:42:02 +0000 2017,Why Does my iPhone randomly Capitalize words When I type? Like this one. Just random Words are capitalized for No reason! @AppleSupport #wtf,"652748,652750,652751",,652749.0
1073825,373368,True,Mon Oct 23 16:15:06 +0000 2017,Hey @AppleSupport why does the new update like to turn my WiFi on by itself? I turn it off then look later and it’s back on,"1073824,1073826",,1073825.0
23091,121029,True,Sun Nov 26 00:04:59 +0000 2017,@115858 @AppleSupport my phone crashed for no reason. What you gonna do about it? I'm stressed and depressed right now. Thanks,23090,,23091.0
2812644,784265,True,Mon Nov 27 01:00:58 +0000 2017,Possibly the worst email app in the world. Last time in check 130+514= 644 not 652                       Sort it out @115858 @AppleSupport https://t.co/r9woWBnR3r,2812642,,2812644.0
1785592,536471,True,Wed Oct 11 10:37:54 +0000 2017,"@115858 @AppleSupport locked out of my icloud, not getting two factor aunthetication text.. a",1785591,,1785592.0
1711949,518555,True,Mon Nov 06 19:56:56 +0000 2017,THIS FUCKING GLITCH IN IOS GIVE ME MY CAPITAL LETTER I’s BACK! Get 👏🏽Your👏🏽Shit👏🏽Together👏🏽@115858👏🏽,1711948,,1711949.0
1623854,497393,True,Sun Nov 05 13:14:33 +0000 2017,"@115858 !!!!! Fix this I️ nonsense!!! 
COME. ON.","1623853,1623855",,1623854.0
1736098,524166,True,Tue Nov 07 04:39:49 +0000 2017,So is @115858 not going to fix this I️ problem,1736097,,1736098.0
2438218,699383,True,Sun Oct 29 15:54:35 +0000 2017,@AppleSupport something is not right with the new software update. I am losing battery at a abnormal rate &amp; cant exit notifications 😡,2438217,,2438218.0
1642535,502065,True,Sun Nov 05 22:33:12 +0000 2017,@115858 can yal fix this “I️ “ thing,1642534,,1642535.0
1734407,523754,True,Tue Nov 07 03:58:49 +0000 2017,@AppleSupport PLEASE fix these now iPhone iOS keyboard bugs! I beg of you!!!,1734406,,1734407.0
2040229,603256,True,Tue Nov 07 21:16:06 +0000 2017,@AppleSupport I haven't used my old macbook in a while and just discovered that this happened. Does this by any chance fall under warranty? https://t.co/PEbR4bNPpr,2040228,,2040229.0
1762218,530233,True,Tue Nov 07 19:02:45 +0000 2017,@AppleSupport Hoped for bug fix with IOS 11.2. Hasn’t happened for me; more than just «I» problem. Too many to tell! Well Apple? #textfail,1762216,,1762218.0
2287427,664596,True,Sun Nov 12 01:29:46 +0000 2017,"I updated my MacBook and now IT WON'T FUCKING START! 😡 So bloody mad right now. @115858 please help. I mean, it's your fault. It's your update. I'm really very annoyed. #apple #computers #tech #help",2287425,,2287427.0
2524467,718875,True,Thu Nov 16 01:57:41 +0000 2017,@AppleSupport buying a MacPro to give as Christmas gift. When does 90 day complimentary  support begin?,2524466,,2524467.0
515920,158590,True,Sat Dec 02 00:12:54 +0000 2017,@AppleSupport never seen this before https://t.co/0lG16Qk7TZ,515918,,515920.0
2205973,644991,True,Thu Nov 09 22:04:45 +0000 2017,@AppleSupport my alarm is not making any noise when my volume switch is on mute. It used to always go off. I don’t want the volume to be on all night as I’ll never sleep. Help!,2205972,,2205973.0
292926,185760,True,Fri Oct 06 10:44:29 +0000 2017,@115858 sort your shit out!!! I’m switching to Samsung if my phone doesn’t stop going slower than a turtle 😡😡😡🐢,"292924,292927",,292926.0
398822,210315,True,Mon Oct 09 17:58:14 +0000 2017,Last time there was a new iOS update my phone crashed! New update &amp; my less than a yr old phone died Thanks @115858 #ForNothing #Rediculous,398821,,398822.0
922099,338895,True,Tue Oct 10 19:15:08 +0000 2017,"Since I’ve updated this shit wank iPhone, my phone crashes, goes on a spaz, turns off.. @115858 please sort this cause I’m gonna lose my mind",922098,,922099.0
1817419,545920,True,Fri Dec 01 03:08:38 +0000 2017,"@115858 @AppleSupport 
(8/8) I can not wait any more to use good phone and I am not at all satisfied with this product and service given by Apple representatives. Please look into my problem and give me solution ASAP.

THANK YOU IN ADVANCE",1817418,,1817419.0
2487242,296214,True,Wed Nov 15 14:50:56 +0000 2017,"Hey @AppleSupport after replacing my iPhone and restoring a saved backup, apps aren't downloading. It's been like this since yesterday. Chat support was no help. Can you assist? https://t.co/oy1163Wl3B",2487241,,2487242.0
1059785,370236,True,Mon Oct 23 04:38:23 +0000 2017,@AppleSupport Hi is there anyway to turn off memories and or stop the memories notifications from appearing in my photos/phone. Thanks,1059783,,1059785.0
848970,321729,True,Mon Oct 09 04:11:52 +0000 2017,this update legit makes my phone slower @115858 fix this,848968,,848970.0
2774286,775338,True,Tue Nov 21 13:21:21 +0000 2017,"@AppleSupport my Photos (10.12.2) won’t export files now, big problem what’s the fix?","2774287,2774285",,2774286.0
1900081,566251,True,Wed Oct 18 06:43:24 +0000 2017,@115990 @115725 @AppleSupport ALL MY FUCKING INFORMATION IS LOST. THE ICLOUD IS BULLSHIT AND I NEVER SHOULD HAVE LISTENED TO THE REPS!!,1900080,,1900081.0
2490750,711171,True,Wed Nov 15 16:53:07 +0000 2017,iPhone lost 20% battery over half hour with zero apps and zero activity going on. @115858 this is a joke. Loyal customers bout to be leaving #ios11Sucks #sham,2490748,,2490750.0
928065,284500,True,Fri Oct 13 21:44:41 +0000 2017,@AppleSupport my gfs texts turned green pls help our relationship can't survive this for much longer,928064,,928065.0
1886645,562708,True,Mon Oct 23 05:57:34 +0000 2017,"@AppleSupport Hi, I’d like to check the battery health of my iPhone.",1886644,,1886645.0
162853,153626,True,Fri Nov 24 18:48:30 +0000 2017,"@AppleSupport, can you tell me why my iPhone 7 went from 100% to 26% in airplane mode while I was sleeping? iOS 11.2.1 😡",162852,,162853.0
1633469,499768,True,Tue Oct 17 06:47:30 +0000 2017,Už tři dny mi záhadně nejde v Apple music nejde vytvořit stanice a dokonce se nepřehrává žádné rádio. Že by platba? @AppleSupport,1633467,,1633469.0
1442003,454572,True,Thu Nov 02 03:39:44 +0000 2017,Lmaooo bro why is “ I “ a box wtf @115858,1442002,,1442003.0
228532,170483,True,Wed Nov 15 08:14:00 +0000 2017,"Hey @115858, you think it’s about time to sort out your glitchy new ios?","228531,228533",,228532.0
1688534,512725,True,Mon Nov 06 17:29:16 +0000 2017,I️ guess @115858 needs to fix the phone when I️ type “I️” in an email or message. It creates funky images.,1688532,,1688534.0
721230,292646,True,Fri Oct 06 11:14:40 +0000 2017,@AppleSupport what is this? https://t.co/shtyovowGQ,721228,,721230.0
2517098,621193,True,Mon Nov 13 13:46:22 +0000 2017,"Simple AR app submitted to #iTunes for Review on Oct 18th, still “In Review”.  Come on @115858, you can do a lot better than that.  Query yields “We need more time” … anyone reading this at @115858, DM if you can help!  This is crazy.",2517096,,2517098.0
1654991,505095,True,Mon Nov 06 01:40:00 +0000 2017,Yo @115858 any updates on fixing this I glitch or...,1654990,,1654991.0
1392468,443865,True,Sat Oct 28 05:01:06 +0000 2017,@AppleSupport #ios11 is very glitchy and phone usage has become a pain pls fix the OS and release an update soon,1392467,,1392468.0
1748030,526942,True,Tue Nov 07 12:28:49 +0000 2017,@115858 where’s the update to fix this problem w| using the letter EYE!?🙄😒 it’s overdue. I’m tired of coming up with ways to reword stuff.,1748028,,1748030.0
1706841,517267,True,Mon Nov 06 21:56:51 +0000 2017,@115858 @AppleSupport  What is going on these day??  The juggernaut is crumbling slowly. https://t.co/8J9TaAURRk,1706840,,1706841.0
2816400,785130,True,Mon Nov 27 03:16:46 +0000 2017,Seriously @115858 when I put my iPhone on silent and turn the volume down to zero why do linked videos still blare sound at full volume? Absurd that there is a second volume setting which is inaccessible until the video actually starts playing!,2816399,,2816400.0
1754065,528318,True,Tue Nov 07 16:23:25 +0000 2017,Ok… this box. How do I get rid of it… it’s starting to give me anxiety. @AppleSupport @115858,1754064,,1754065.0
2978162,821359,True,Fri Nov 17 04:30:17 +0000 2017,"Listen @115858 i WILL buy a new iphone when you realease iphone 20! so stop messing up my brand new 7plus! Because it’s BRAND NEW!There’s no reason for it to be turning on and off, with a 100% battery when its BRAND NEW!
-sincerely
 ur not so happy consumer! 
#apple #iphone #angry",2978161,,2978162.0
939157,342629,True,Sat Nov 25 16:38:09 +0000 2017,"@AppleSupport Check the screen capture video, not able to use the Apple remote via iPhone. https://t.co/9AFa7H7r8F","939156,939158",,939157.0
1020875,361578,True,Thu Oct 12 14:35:02 +0000 2017,"@AppleSupport my MacBook keeps randomly turning the screen black and turning my music off whilst I am using it, but it's not turning off 1/2","1020874,1020876",,1020875.0
2150335,631982,True,Thu Nov 09 00:55:17 +0000 2017,@115858 let’s get it together please. #autocorrectfail #alphabetmess,2150334,,2150335.0
1644642,502587,True,Sun Nov 05 23:39:59 +0000 2017,@115858 @AppleSupport you gonna fix this update anytime soon with these horrible “I️” keyboard problems. I️ want an iPhoneX for my time 😂,1644641,,1644642.0
2280916,663034,True,Sat Nov 11 17:28:51 +0000 2017,@115858 why the fuck can’t I see the capital letter “i” https://t.co/6v9WROOKzn,2280915,,2280916.0
1863576,556813,True,Fri Oct 20 05:32:40 +0000 2017,@115858 if you think for one second that the update that’s fucking up my phone is gonna make me get the iPhone 8 then first of all your right,1863575,,1863576.0
990440,354612,True,Sun Oct 22 04:20:57 +0000 2017,"My #MACbookpro keeps turning off by itself anyone else facing this issue? 

@AppleSupport",990438,,990440.0
34662,123516,True,Wed Nov 01 08:53:42 +0000 2017,"Thanks @AppleSupport, for following up on the camera issue. It is highly appreciated. Hope you will continue to support in the same way.",34661,,34662.0
2129217,626787,True,Wed Nov 08 15:28:33 +0000 2017,Wtf @115858 fix your shit i am sick of seeing that stupid question mark box,2129216,,2129217.0
1302831,393551,True,Fri Oct 27 00:53:15 +0000 2017,@AppleSupport Can I pre order 2x iPhone X under same account?,1302829,,1302831.0
1265809,416403,True,Thu Oct 26 03:47:44 +0000 2017,"Soooo @AppleSupport , why does my iphone 8 keep cutting off randomly 🙂",1265807,,1265809.0
1868749,558202,True,Fri Oct 20 22:56:46 +0000 2017,@AppleSupport what Is causing my daughters iPhone to do this? https://t.co/7jg8Lzxu1k,1868748,,1868749.0
2783278,777196,True,Tue Nov 21 17:40:38 +0000 2017,"@AppleSupport ical and notes refuse to sync from iMac to iPhone, they used to! And iCloud can't verify my name or password...nothing online is helping. Using OS 10.13.1 High Sierra - HELP!",2783277,,2783278.0
2063713,251828,True,Fri Oct 06 15:31:07 +0000 2017,"@115858 GREAT job on the update.  My mom LOST ALL her photos.

#androidftw",2063712,,2063713.0
1811955,544390,True,Sun Oct 15 03:01:57 +0000 2017,Your IOS update broke my damn phone @115858,1811954,,1811955.0
1954201,580110,True,Sun Oct 29 18:16:22 +0000 2017,@115858 your new updates suck!!! Has been draining my battery like hell since morning with being still. Do something about it or GTFO😡,1954200,,1954201.0
2298310,667153,True,Sun Nov 12 05:56:45 +0000 2017,What’s going on w/ this glitch @115858 @AppleSupport autocorrect? This is so annoying 😂🤣,2298309,,2298310.0
1929327,574132,True,Thu Oct 26 20:55:40 +0000 2017,New apple update is crap😣😡 How do you go out of town and talk to anyone when nothing works? @AppleSupport,1929326,,1929327.0
1988399,588515,True,Thu Nov 02 04:19:42 +0000 2017,Wish @115858 would fix this problem 🙄 https://t.co/RHXLeHoJXW,1988398,,1988399.0
2794416,779817,True,Tue Nov 21 20:56:21 +0000 2017,@AppleSupport This keeps popping up? Even when I had 100% &amp; my phone was plugged in i still had this. https://t.co/kGZzc1UbId,2794415,,2794416.0
1762947,530405,True,Tue Nov 07 19:46:45 +0000 2017,@115858 tbh the new iOS update ruined my life. Wtf is “A [?]”???,1762946,,1762947.0
2343670,677817,True,Mon Nov 13 13:47:57 +0000 2017,@115858 how much will it cost me for a new battery for iPhone 6?!! This stupid phone dies even when it's on 90% !,2343669,,2343670.0
2552556,725040,True,Thu Nov 16 08:29:09 +0000 2017,@AppleSupport I don't appreciate my iPhone automatically hooking up to the Bluetooth in my car every morning.,2552555,,2552556.0
2004191,592663,True,Fri Nov 03 21:27:10 +0000 2017,Why does this keep happening to me @AppleSupport please help lol I️ I️ I️ I️ I️ I️ I️,"2004192,2004190",,2004191.0
2057408,608481,True,Fri Oct 06 20:53:01 +0000 2017,@applesupport thank you for wasting my time Im now spending over 30 min on the phone just to try and speak to the store manager @ arden fair,2057407,,2057408.0
2793193,779499,True,Tue Nov 21 20:39:51 +0000 2017,I leave for the airport in 30 minutes and my iPhone just bricked on me... I had to reset it but it will not connect to Verizon or wifi... any thoughts people! I need help ASAP @AppleSupport,"2793192,2793194",,2793193.0
996586,355982,True,Sun Oct 22 15:22:05 +0000 2017,@AppleSupport why is norton stopping me access a website it’s not installed on my Mac? https://t.co/9fwTmvIlUU,"996585,996587",,996586.0
1716567,174034,True,Mon Nov 06 22:26:05 +0000 2017,I’m so mad that this update has completely fucked my phone. @AppleSupport get it together.,"1716568,1716569,1716570,1716571,1716565,1716572,1716573",,1716567.0
1271121,417606,True,Thu Oct 26 11:52:22 +0000 2017,Dear @AppleSupport can you please check my iPhone 6 battery health?,1271119,,1271121.0
2592216,734136,True,Fri Nov 17 01:24:52 +0000 2017,when are we going to get some type of adapter piece that lets us charge and listen to music at the same time. i can’t keep choosing between the two @115858,2592214,,2592216.0
2834497,789041,True,Mon Nov 27 08:19:41 +0000 2017,"@AppleSupport my phone just randomly logged every online account (twitter, Mail, AppleID) out. Logged most back in except AppleID. Must have forgotten password. Said enter trusted phone #, I did, then when it sent the text the entire phone crashed and I cant do anything. Now what",2834495,,2834497.0
2149143,631638,True,Thu Nov 09 00:33:45 +0000 2017,I️ WAS LIVING MY GOOD OLD LIFE AND NOW THIS STUPID ! ? THING IS ON MY PHONE I️ HATE U @115858 WE WERE ALL ROOTING FOR YOU,2149142,,2149143.0
205313,164643,True,Wed Oct 04 20:13:47 +0000 2017,"@AppleSupport my iPhone has gone from great to awful with iOS upgrade. Battery drain, data not loading at all.  Phone is almost unusable.",205312,,205313.0
1531333,160441,True,Fri Nov 03 15:29:24 +0000 2017,"The latest @115858 update is useless... battery life sucks, old iOS users can't see older emojis, and you can't type the letter ""I""",1531332,,1531333.0
1541962,477765,True,Fri Nov 03 18:27:21 +0000 2017,@115858 FIX THIS SOFTWARE MALFUNCTION. PLS.,1541959,,1541962.0
1484751,464796,True,Fri Nov 03 02:41:11 +0000 2017,Wtf @AppleSupport I️ can’t type the letter I️ without this box and other crap popping out,1484750,,1484751.0
1688477,512703,True,Mon Nov 06 17:35:18 +0000 2017,Idk what type of experiment you’re doing or whatever..idc just please fix these damn boxes and exclamation points &amp; question marks.. @115858,1688476,,1688477.0
598094,261786,True,Sun Dec 03 19:30:03 +0000 2017,@AppleSupport Can you Please get it together!!!  My phone keeps crashing and scrolling since yesterday!!!  Sick of updates screwing up my phone!,598093,,598094.0
2586392,732861,True,Fri Nov 17 00:16:37 +0000 2017,I’ve never had problems with my iPhone until I just updated it. Literally freezes 10 times/day smh. Thanks @115858,2586391,,2586392.0
1647798,503429,True,Sun Nov 05 19:26:52 +0000 2017,@115858 fix these goddamn I️,1647797,,1647798.0
2054576,607651,True,Thu Oct 05 07:19:27 +0000 2017,.@115858  iOS11 on a 6+ is laggy and buggy. Is this a common experience?,2054575,,2054576.0
2005666,593109,True,Sat Nov 04 01:26:26 +0000 2017,I updated my iPhone and now all my music is gone 🤦🏼‍♀️. @115858 your really pissing me off today.,2005665,,2005666.0
1617177,495881,True,Sun Nov 05 03:16:44 +0000 2017,@AppleSupport can you just fix these boxes and question marks and don’t touch anything else !,1617176,,1617177.0
2780646,776608,True,Tue Nov 21 16:39:10 +0000 2017,@115858 needs to fix this whole I️ thing ASAP 🤦‍♀️,2780645,,2780646.0
654390,233536,True,Wed Nov 22 21:51:53 +0000 2017,"@AppleSupport hasn’t helped sorry - also, it won’t download completely! https://t.co/Yd0orwOPPP",654389,,654390.0
417298,178575,True,Tue Oct 10 02:47:30 +0000 2017,Dear @115858 your #iOS11 is giving my #iphone6 some very painful #PrisonStyleAnal. My phone can barely sit now. Please fix it. #Apple #iphone,417297,,417298.0
542511,245928,True,Sat Dec 02 06:45:06 +0000 2017,"@AppleSupport after ios 11.1.2 upgrade am facing issues when am working and accessing my iphone and ipad, it keeps loging off and lock me out asking for passcode. This happens every minute its really frustrating https://t.co/Sik1t9Zr61",542510,,542511.0
1898225,524782,True,Mon Oct 23 18:12:01 +0000 2017,"my iPhone’s battery was discharging while on the charger... the bullshit has started 

@AppleSupport fix ios11 please fuck.",1898224,,1898225.0
738229,296572,True,Fri Oct 06 18:23:10 +0000 2017,11.0.2 OS is beyond the worst update. My iPhone crashes every 2 mins. @115858,738228,,738229.0
2487301,710411,True,Wed Nov 15 14:51:09 +0000 2017,"@AppleSupport Any suggestions on clearing an unread badge on Messages when I have no unread messages? I’ve tried resets, signing in/out of Messages. Nothing has worked thus far. This is driving me nuts. https://t.co/q822Lhj8D4",2487299,,2487301.0
1643223,502224,True,Sun Nov 05 23:22:47 +0000 2017,Hey again - @115858 @AppleSupport - see previous tweet....it did it again!!!,1643222,,1643223.0
750020,299279,True,Thu Nov 02 16:06:02 +0000 2017,"Hey @115858 , y’all owe me a new iPhone , my iPhone 7 has been completely fucked 😡",750019,,750020.0
1446451,455639,True,Thu Nov 02 14:21:56 +0000 2017,@115858 fuck your iOS 11 update &amp; fix the music app ASAP as possible,1446449,,1446451.0
717150,291691,True,Fri Oct 06 05:06:59 +0000 2017,. @AppleSupport   Not a fan of the iPhone OS X update. Why do my text messages look like this? Why no shortcut to turn off night mode? https://t.co/pGZqHNfrAA,717149,,717150.0
2647130,746848,True,Sun Nov 26 21:55:36 +0000 2017,My iPhone is stating to heat up when it’s just sitting there. Thanks @115858 for the hot fire update to ruin my phone......again,2647129,,2647130.0
1709936,518069,True,Tue Nov 07 00:51:03 +0000 2017,"Alright for real @115858, fix this glitch now!!",1709935,,1709936.0
1776282,533779,True,Tue Nov 07 23:14:11 +0000 2017,Uhm okay @115858 how do I️ fix this issue,1776281,,1776282.0
1342941,176658,True,Mon Oct 16 10:11:46 +0000 2017,How reliable is the Apple Watch heart monitor? @AppleSupport,1342939,,1342941.0
2507392,714876,True,Wed Nov 15 20:21:13 +0000 2017,"Phone is turning into a pile of shite. Can't call, can't download apps and can't use Whatsapp. Sort it out @115858",2507391,,2507392.0
146631,21723,True,Fri Nov 24 08:39:45 +0000 2017,@AppleSupport Is there anyway to ensure iOS Personal Hotspot is turned of when not in use? It’s a real battery drain but when no device is connected to it there is no indication it is on (otherwise indicated by the blue top bar),146629,,146631.0
957599,347209,True,Sat Oct 21 15:58:47 +0000 2017,Dawg I woke up at around 9:30 am with 100% battery life. It is now 12 pm and my battery is on 48%. Wtf? @115858,957598,,957599.0
393600,209229,True,Mon Oct 09 04:38:42 +0000 2017,Dear IOS 11 I hate you. Sincerely me  @115858 get on that. Touch screen doesn’t wann respond. Brand new phone.,393599,,393600.0
788842,308111,True,Thu Oct 12 04:02:45 +0000 2017,@AppleSupport this update severely ruined my phone. Help me fix it I am angry.,788841,,788842.0
1415284,178928,True,Thu Oct 19 05:05:25 +0000 2017,@AppleSupport hi! Wish to ask how to get my itunes files to my new iphone without deleting? I made a mistake and it was gone 😞😞😞,1415281,,1415284.0
1795703,399151,True,Wed Oct 18 00:21:49 +0000 2017,@AppleSupport I was on face time my battery at the start was 42% I was on the call 9 minutes and my battery dropped to 14%! Outrageous!,1795701,,1795703.0
1988800,588621,True,Thu Nov 02 05:49:35 +0000 2017,Ok @115858 wtf is with that fact my phone WONT FUCKING USE THE UPPER CASE “i” okay fucking fix this k thx,1988799,,1988800.0
743491,297770,True,Wed Oct 11 14:32:52 +0000 2017,Bon @AppleSupport quand est-ce que vous corrigez les bugs du clavier depuis votre dernière MAJ là ?? C’est USANT !!! @33657,"743490,743492",,743491.0
1706177,517103,True,Mon Nov 06 21:31:30 +0000 2017,I seriously have OCD with this. @AppleSupport  - FIX IT https://t.co/E03Q19Tbv1,1706176,,1706177.0
505140,192784,True,Fri Dec 01 20:05:09 +0000 2017,Every iPhone update makes my phone that much slower ... Stop it @115858,505139,,505140.0
2263484,658940,True,Mon Nov 20 23:46:03 +0000 2017,So is there a reason why all my photos are fuzzy and Live photos are not working. I get i'm still on the 6s but come on @AppleSupport #ios1112,2263482,,2263484.0
1900849,566468,True,Tue Oct 24 00:26:19 +0000 2017,@115858 now I cannot play music in my car using my phone... Thank you Apple 7 Bluetooth update... things are getting worse #C250 #mercedes,1900848,,1900849.0
1328639,429976,True,Fri Oct 27 02:43:58 +0000 2017,@AppleSupport when will the Apple store be back up and running?,1328638,,1328639.0
2647282,365731,True,Fri Nov 17 22:23:23 +0000 2017,"Do the fingerprint readers on iphones just all of a sudden stop reading right? Already had a defective antenna, now home button is being buggy in under a year of having it..... I love apple but holy shit I'm getting fed up. @AppleSupport",2647281,,2647282.0
689636,284798,True,Tue Sep 05 19:29:43 +0000 2017,Looks like my phone got wind of the new release for @115858's iPhone 8 and my camera decided to stop working. #itknows #nowmywatchwontpair,689634,,689636.0
989691,354445,True,Sun Oct 22 03:57:28 +0000 2017,I am unable to update applications and install new apps #worstIOS11Update #apple @115858 @118936,989690,,989691.0
621733,267543,True,Wed Oct 04 11:31:37 +0000 2017,@AppleSupport can you wireless charge the battery of the iPhone 8 if you have a bookcase around the iPhone 8???,621732,,621733.0
545159,246709,True,Sat Dec 02 09:55:43 +0000 2017,Anyone else having this problem with their iPhone? @AppleSupport https://t.co/t2MjS1Dyyz,545158,,545159.0
513644,238226,True,Fri Dec 01 23:18:03 +0000 2017,@AppleSupport sucks! Getting though to a store for appointments is a nightmare and online Genius Bar appointment option seems to be disabled...hopeless experience with Doncaster store in Victoria Australia!,513643,,513644.0
2117878,624189,True,Wed Nov 08 05:17:33 +0000 2017,"Dear @115858 , fix this 😊🙄 https://t.co/1aXDj83xrA",2117877,,2117878.0
2118356,624301,True,Wed Nov 08 06:08:45 +0000 2017,@AppleSupport Latest IOS upgrade is haunting me...every night I turn wifi off bfore sleep ..i find it on the very next morning,2118355,,2118356.0
1376787,440507,True,Sat Oct 28 01:25:24 +0000 2017,"What the hell is up with iOS @AppleSupport ? Apps crash, music won’t play, bluetooth 💩, whole phone freezes? My next phone will be Android.",1376786,,1376787.0
2287448,664601,True,Sun Nov 12 01:27:33 +0000 2017,@115858 please my urbeats broke can you fix them i think they are still in warranty,2287447,,2287448.0
709499,289650,True,Tue Oct 10 20:04:49 +0000 2017,@AppleSupport um why do I have photos missing from my camera roll? No they are not in my Recently Deleted album ☹️,709497,,709499.0
1960606,581512,True,Mon Oct 30 21:26:48 +0000 2017,@AppleSupport why are photos taken ages ago appearing at the end of ‘all photos’ album on iPhone 6s. Normally they are in order taken.,1960605,,1960606.0
2229452,650616,True,Fri Nov 10 09:28:00 +0000 2017,@115858 why did your garbage update brick my front facing camera even after doing a fresh install of your patch from DFU,2229451,,2229452.0
660458,277324,True,Thu Nov 23 00:14:59 +0000 2017,"@AppleSupport hello, with all the phishing emails I receive, wondering if this is an authentic notice https://t.co/f4Beo2x3o6",660457,,660458.0
631846,269746,True,Wed Nov 22 15:21:44 +0000 2017,Why isn’t my airdrop working ? @115858,631844,,631846.0
2439691,699743,True,Tue Nov 14 22:17:58 +0000 2017,"@AppleSupport I have problems with my iPhone, it deleted my pictures! Help!",2439689,,2439691.0
1710037,518097,True,Tue Nov 07 00:38:19 +0000 2017,WHY WON’T MY @115858 IPHONE LET ME TYPE “I” ????????,1710036,,1710037.0
1528735,474617,True,Fri Nov 03 14:58:38 +0000 2017,‼️‼️‼️ RT @474618: Fix this question mark shit @AppleSupport,1528734,,1528735.0
1220500,406358,True,Sat Nov 25 19:00:58 +0000 2017,@AppleSupport So my dad forgot his appleID password and called for help. They quoted 4 prices then changed the pswd.  Then wouldn’t tell me,1220499,,1220500.0
1938141,576536,True,Sat Oct 28 00:44:31 +0000 2017,"thank you apple, lately you're disappointing me @115858 @AppleSupport https://t.co/fBGyidRJko","1938142,1938140",,1938141.0
1450150,456506,True,Thu Nov 02 15:26:19 +0000 2017,@AppleSupport iOS 11.1 drains my ipad battery.  I went from 100% to 7% in 2 hours while streaming radio.  Has never happened before. FIX!,1450149,,1450150.0
2212816,646702,True,Fri Nov 10 03:50:34 +0000 2017,@115858 fix my shit,2212815,,2212816.0
2616582,193516,True,Fri Nov 17 06:29:12 +0000 2017,@AppleSupport How difficult is this to fix up in your iOS update? This is such a basic fix up! Entire mailbox looks untidy. 😑 https://t.co/yKJr0aaxod,2616580,,2616582.0
2981921,509382,True,Mon Nov 20 02:05:18 +0000 2017,Okay so my music stops playing anytime I get a snap @115858 and it’s getting annoyingggggggggggg.,2981920,,2981921.0
151489,150595,True,Fri Nov 24 14:13:02 +0000 2017,@AppleSupport the new update keeps crashing my phone 🙃,151487,,151489.0
2025329,598944,True,Mon Nov 06 11:41:54 +0000 2017,@115858 @AppleSupport My contacts have disappeared! Why?,2025328,,2025329.0
849549,321861,True,Mon Oct 09 04:20:19 +0000 2017,"unlocked my phone and noticed i lost all my fkn photos 
@AppleSupport care to explain why this has happened???",849548,,849549.0
1648998,194679,True,Sun Nov 05 20:09:00 +0000 2017,@AppleSupport ios11 killed my iPhone 6. Hate y’all. Conspiracy to make everyone get the stupid iPhone X by slowing down their old phones,1648997,,1648998.0
1645505,502821,True,Mon Nov 06 00:16:58 +0000 2017,"Also @115858, I’m tired of your shit. Why does my phone keep autocorrecting the letter “I” to I️ ?",1645504,,1645505.0
849947,321953,True,Fri Oct 20 13:02:18 +0000 2017,@AppleSupport @115858 iOS 11.0.3 just drains battery like crazy...,849945,,849947.0
1700901,515758,True,Mon Nov 06 19:24:56 +0000 2017,"@115858 your new updates are fucking up everybodys phone can’t type, use my phone in my car for music, constantly freezing #FixMyPhone",1700900,,1700901.0
2960167,816988,True,Wed Nov 29 20:00:57 +0000 2017,"@AppleSupport everytime I write the word it, it changes to I.T 😡😡😡😡😡 I have to go back and exit out of the suggestion it’s going to change to..... it’s like when the incident with the “I” happened not too long ago https://t.co/YfP3Xo5g6H",2960165,,2960167.0
1768132,321632,True,Tue Nov 07 21:53:05 +0000 2017,Why is @134046 sending me 5 notifications for everything today? @AppleSupport https://t.co/UTWcGuxhHC,1768131,,1768132.0
1589942,488872,True,Sat Nov 04 20:01:37 +0000 2017,@AppleSupport @115858 fix this problem I’m tired of every time I type i get that damn box!,1589941,,1589942.0
2021136,597729,True,Mon Nov 06 00:38:47 +0000 2017,@115858 fix this “I️” situation.. please and thanks.,2021135,,2021136.0
2300147,667591,True,Sun Nov 12 10:22:22 +0000 2017,@115858 for the love of Jesus please fix the glitch I’m typing boxed A’s everywhere,2300146,,2300147.0
799370,310541,True,Mon Oct 16 16:14:49 +0000 2017,"@AppleSupport accidentally deleted the wrong message thread.. is there anyway to get it back? There should be a way, y’all should do it",799369,,799370.0
2622611,290505,True,Fri Nov 17 15:03:23 +0000 2017,"@AppleSupport didn’t realise as part of upgrade program, I have to pay £69 each time to upgrade? This wasn’t made apparent when taking out the loan...can you provide me with more info?",2622610,,2622611.0
1243382,400166,True,Wed Oct 25 23:16:34 +0000 2017,"@AppleSupport the issues I’m having with iOS 11.0.3 is incredible.Screen not responding,orientation problems,home button.Sort it out Apple.",1243381,,1243382.0
1747398,526770,True,Tue Nov 07 09:27:12 +0000 2017,@AppleSupport any idea what’s this weird rectangle on my screen? https://t.co/fY4afTt3s0,1747397,,1747398.0
2289412,665108,True,Sun Nov 12 03:34:39 +0000 2017,Dear @115858 my phone won't let me cancel iPhone subscriptions. I know you like money but stealing is rude.,2289411,,2289412.0
2031720,600770,True,Tue Nov 07 05:01:48 +0000 2017,How come my phone is perfect and then starts acting up right at the update @115858 @115858 @115858 @115858 @115858 #heyapple,2031719,,2031720.0
1919691,571527,True,Thu Oct 26 12:31:24 +0000 2017,@AppleSupport @115858 iOS 11 has really done a number on my phone battery 86% at 630 AM now 6% at 830AM what gives #fail #upgradefail,1919690,,1919691.0
2373297,684680,True,Tue Nov 14 01:05:51 +0000 2017,I just updated my phone &amp; I’m still seeing these fucking boxes @AppleSupport. Steve Jobs rolling in his grave https://t.co/4wmgY0S1XS,2373296,,2373297.0
1992885,589791,True,Fri Nov 03 03:03:57 +0000 2017,Alright wtf is up @115858 my iPhone 7 Plus battery is Fucking up. Is this ur way of telling me to get THE NEW IPHONE ?!!!!!!,1992884,,1992885.0
1121666,384574,True,Sat Oct 14 04:35:16 +0000 2017,This iOS update is 💩 my phone spazzing out and half my apps don’t even open bro wtf @115858,1121665,,1121666.0
1689346,512922,True,Mon Nov 06 17:45:31 +0000 2017,@115858 fix this pls. this notification pops up everytime I unlock my phone. but there’s no update available?? https://t.co/CPW4oGKIlI,1689345,,1689346.0
2589191,733468,True,Mon Oct 30 19:01:01 +0000 2017,So 11.0.3 is an absolute joke @115858 you should be ashamed phone is basically unusable... How could you get it sorted wrong?,"2589189,2589192",,2589191.0
1403929,5923,True,Mon Oct 16 16:35:50 +0000 2017,"So apparently iOS 11 App Store no longer allows installation of iPhone-specific apps onto iPads. Policy decision, @115858 ? Cuz its awful.",1403928,,1403929.0
42644,125426,True,Wed Nov 01 12:50:19 +0000 2017,@AppleSupport Hello I have iPhone 5s which since 11.0.3 update is constantly saying storage full even though its not! Please help! Thank you,42642,,42644.0
2580592,731425,True,Thu Nov 16 21:03:40 +0000 2017,"Hi @AppleSupport why does my Bluetooth keep turning itself on in iOS11.1.1, and how can I stop it?","2580590,2580594",,2580592.0
1513422,471178,True,Fri Nov 03 12:33:18 +0000 2017,@115858 why is this “ I️ “ shit still not fixed,1513420,,1513422.0
2280927,377790,True,Sat Nov 11 17:23:51 +0000 2017,Latest Software on all devices.. Icons dont work since weeks... Why?🙆🏼‍♂️ @AppleSupport @115858 https://t.co/UvxY8l0jJd,2280926,,2280927.0
1394041,444202,True,Sat Oct 28 09:15:45 +0000 2017,"Hi @AppleSupport I’ve been downloading an app since 4PM &amp; it still isn’t installed. It’s loading in the AppStore, but not on my home screen.",1394039,,1394041.0
1758821,529441,True,Tue Oct 17 20:34:56 +0000 2017,Not very happy with @115858 right now. My iPhone decided to delete every single thing off of it today. Literally everything. 😡😡😡 #angry,1758820,,1758821.0
2795484,780074,True,Tue Nov 21 21:24:15 +0000 2017,@AppleSupport Is there a way to check the overall battery health of my iPhone 6S Plus?,2795483,,2795484.0
2627751,742176,True,Fri Nov 17 15:29:04 +0000 2017,@AppleSupport my iwatch screen won’t wake up and it’s fully charged,2627749,,2627751.0
1134119,387228,True,Tue Oct 24 05:31:17 +0000 2017,"Can I downgrade to iOS 10? iPhone is slow, battery drains, apps crash, keyboard &amp; screen often unresponsive since iOS 11.0.3 @AppleSupport.","1134118,1134120",,1134119.0
2548148,166492,True,Mon Oct 30 09:28:32 +0000 2017,"@AppleSupport Help, Apple Music keeps crashing https://t.co/pWDxpyPrDT",2548147,,2548148.0
1444459,455192,True,Thu Nov 02 13:19:09 +0000 2017,@AppleSupport @115858 I’ve updated my phone to the latest version of IOS with your suggestion and it is not working well as before!,1444457,,1444459.0
356818,200726,True,Sat Oct 07 20:58:50 +0000 2017,"@AppleSupport I think there’s a glitch in #watchOS4 that makes app icons in notifications not show up. I’ve tried resetting,unpairing etc","356819,356817",,356818.0
2179535,542696,True,Sun Nov 26 06:39:41 +0000 2017,"@AppleSupport Apple Music has been constantly crashing since the last update. I can’t even use it, how long before a fix? Do I get a free month for paying for something I can’t even use at the moment?",2179533,,2179535.0
584846,247084,True,Sun Dec 03 07:50:16 +0000 2017,"Terrible Battery Life After #IOS11.2 Update Yesterday 😡 @AppleSupport , I Think It Time To Get #OnePlus5T  @132994 And Go Back To Android 😀 as Ios Is Not As Good As It Used To Be",584845,,584846.0
1620568,496667,True,Sun Nov 05 04:03:34 +0000 2017,@AppleSupport https://t.co/ouQ4mMw86q,1620567,,1620568.0
825552,316622,True,Fri Oct 13 00:01:46 +0000 2017,@115858 I buy 📱7+ for hundreds of $ and 5 mo l8r the new update kills the 🔋by 1pm. You need to sort it out or send me an 📱 8. Unacceptable.,"825553,825551",,825552.0
2006841,593435,True,Sat Nov 04 02:12:44 +0000 2017,@115858 fix this “I️” !!!!,2006840,,2006841.0
2050188,606282,True,Thu Oct 05 16:41:26 +0000 2017,@115858 iOS updates are awesome if you like your phone not working anymore. This is bullshit. It locked up during a call.,2050187,,2050188.0
582802,257423,True,Sun Dec 03 04:26:50 +0000 2017,"@AppleSupport we need you to solve the problem for iphone x’s apps , they don’t fit with this device",582801,,582802.0
935887,341871,True,Sat Oct 21 12:17:54 +0000 2017,"Pleaseee @AppleSupport fix the battery issue on iPhone software, it dies so ridiculous fast that it's very frustrating!","935888,935885",,935887.0
361743,201676,True,Sun Oct 08 15:37:19 +0000 2017,"Even when I try to change some settings in Preview print, it freezes... Come on fix it @115858 https://t.co/VlmHkrTumN",361742,,361743.0
267265,179706,True,Wed Oct 04 12:41:40 +0000 2017,@118845 having trouble charging my Powerbeats 2. Any suggestions?,267264,,267265.0
973329,350832,True,Wed Oct 11 18:03:32 +0000 2017,Horrible el servicio de @115858  @350833  en el @33838  todos jugando y ninguna solución me dieron ! Horrible,973328,,973329.0
774658,305070,True,Thu Oct 12 02:16:26 +0000 2017,Thanks to your new iOS 11 update it has completely screwed up my iPhone. My battery dies faster and my apps freeze constantly @AppleSupport,"774656,774660",,774658.0
2198639,643101,True,Sun Nov 05 22:02:32 +0000 2017,@AppleSupport why is the letter I️ a ? With a box around it in my snap and twitter? I️ thought updates were supposed to improve the iPhone..,2198638,,2198639.0
1853079,554533,True,Thu Oct 19 02:58:01 +0000 2017,apparently trying to update my phone broke it. thanks @115858 @115858,1853078,,1853079.0
1984434,350667,True,Thu Nov 02 01:10:22 +0000 2017,@AppleSupport why is everyone’s iPhone switching “I️” to a box with a question mark?,1984433,,1984434.0
1062204,370798,True,Mon Oct 23 08:35:38 +0000 2017,@AppleSupport major battery drain after updating to 11.0.3. Any suggestions?,1062202,,1062204.0
2910442,278210,True,Tue Nov 28 21:08:18 +0000 2017,@AppleSupport what gives?! Constantly I have songs downloaded to my phone and added to a play list then they simply disappear and have to download again?!! https://t.co/JNUIuNFMZJ,2910441,,2910442.0
1896122,565155,True,Tue Oct 24 13:01:23 +0000 2017,"@AppleSupport since updat to new iOS my phone battery barely lasts 3 hours, charge to 45% with 10 minutes of using it back down 22%???",1896121,,1896122.0
1758691,525072,True,Tue Nov 07 17:59:44 +0000 2017,fucks your deal @115858 ? https://t.co/AhvWBLMaZG,1758690,,1758691.0
1773948,533140,True,Tue Oct 17 22:29:08 +0000 2017,"@AppleSupport help! I have iPhone 6 with 11.0.3, it is opening apps randomly and acting really strange 🙍🏻‍♂️",1773947,,1773948.0
2300111,526431,True,Sun Nov 12 10:58:40 +0000 2017,@AppleSupport my iPod has been stolen can i remove all the tunes from it from my account?,2300109,,2300111.0
1911191,569334,True,Thu Oct 26 16:37:00 +0000 2017,.@115858’s costumer service has really gone down hill #grumpytweet #psa,1911190,,1911191.0
242356,173571,True,Fri Sep 29 21:48:26 +0000 2017,"@AppleSupport não aguento mais carregar meu celular não seus fodido, terei que ir pro iOS 10 novamente?",242354,,242356.0
1953879,545475,True,Sun Oct 29 17:33:38 +0000 2017,I see I’m not the only one with this pain in the ass Wi-fi problem after the latest iPhone update. If you’re thinking of buying @115858 DON’T,1953878,,1953879.0
543699,246291,True,Sat Dec 02 08:19:27 +0000 2017,A serious bug is causing springboard crashes in iOS 11. Crashes happening roughly every 20 seconds.  @AppleSupport,543697,,543699.0
2005000,117877,True,Sat Nov 04 00:14:44 +0000 2017,"@AppleSupport i thought it was just me, but i see no ones “I️” is working on their keyboard #FixThisPlease",2004999,,2005000.0
1951473,579548,True,Sun Oct 29 13:55:04 +0000 2017,@AppleSupport why is this happening since ios11 update? App icons over lapping occasionally when I scroll pages left and right https://t.co/8Qa4ZuaL8w,"1951472,1951474",,1951473.0
1920375,183942,True,Thu Oct 26 14:41:52 +0000 2017,@115858 I love how when I’m broke I can’t update my apps or redownload the ones I recently had 😤 fix that issue!,1920374,,1920375.0
750039,299286,True,Thu Nov 02 16:10:03 +0000 2017,"@115858 the new update is absolutely shocking, phone keeps freezing, can use my music apps and phone calls don’t work #Shocking #SortItOut",750037,,750039.0
2332386,675115,True,Fri Oct 20 01:11:20 +0000 2017,@AppleSupport  o que tá acontecendo com a bateria do meu celular depois do iOS 11.0.3?? Me explica por favor,2332385,,2332386.0
585905,258331,True,Sun Dec 03 10:36:03 +0000 2017,@AppleSupport @115858 @116333 Hi Apps are getting un Stall automatically,585904,,585905.0
711652,290190,True,Tue Oct 10 21:05:26 +0000 2017,iOS 11 is glitchy. Anyone notice anything missing in my screen shot? @applesupport https://t.co/Ind37HT7fc,711650,,711652.0
616310,266256,True,Wed Oct 04 13:50:01 +0000 2017,"Hey @AppleSupport small problem since the new Update, every time I skip a song of Apple Music the sound decreases any suggestions????",616309,,616310.0
2020685,597589,True,Sun Nov 05 00:52:55 +0000 2017,Anybody else’s Face ID not work half the time? I just tried 3 times? Any suggestions @115858 @AppleSupport,2020684,,2020685.0
358942,201005,True,Sun Oct 08 10:18:11 +0000 2017,"That’s how I missed work tonight because I relied on my alarm to wake me up, @AppleSupport has to fix their iOS11 bugs damn",358941,,358942.0
2294685,561359,True,Sat Nov 11 22:22:02 +0000 2017,I don’t know in which time zone @AppleSupport is living but for me it’s bedtime while my watch tells me good morning https://t.co/cZ0mHFXhkg,2294684,,2294685.0
2291574,665535,True,Sun Nov 26 15:50:26 +0000 2017,@AppleSupport how do I fix this problem with High Sierra installation https://t.co/JU8uIZioZO,2291565,,2291574.0
2403601,691423,True,Tue Nov 14 09:56:05 +0000 2017,Vocês aí na @115858 @AppleSupport eram uns gajos porreiros se me enviassem um #iPhone6 novo. Já que acabaram com a bateria do meu com atualização do #iOS11,2403600,,2403601.0
332076,195067,True,Sat Oct 07 16:22:48 +0000 2017,"@applesupport my ipad air battery only needs 1 or 2 hours to get from 100 to 0 after ios11 update. More people have this, can U fix it ?",332074,,332076.0
105386,139276,True,Thu Nov 30 18:12:03 +0000 2017,"Brand New #iPhoneX with  #GreenLine 
Achievement Unlocked ... Time to leave this Planet 😓 💔  @115858 @AppleSupport https://t.co/MGN9vDE17p","105387,105385,105388,105389,105390,105391,105392,105393",,105386.0
1449201,456279,True,Thu Nov 02 15:15:40 +0000 2017,@AppleSupport can you guys do something about the boxes that are popping up when we use certain letters? Mad annoying 🤨,1449199,,1449201.0
1105608,380906,True,Tue Oct 24 00:10:51 +0000 2017,wtf is this @applesupport https://t.co/RUH0wc7XYf,1105607,,1105608.0
1535737,476187,True,Fri Nov 03 20:13:04 +0000 2017,Yo @AppleSupport how do I️ fix this “I️” getting switched to I️ thing,1535736,,1535737.0
2518201,717317,True,Wed Nov 15 23:13:36 +0000 2017,@AppleSupport do you guys even test iOS any more?  For the first time in 8 years I am considering buying something other than an iPhone! #ios1111 #testyourcode,2518200,,2518201.0
2695040,757374,True,Sun Nov 19 17:49:56 +0000 2017,Is there a way to transfer videos off from your iPod to your computer @AppleSupport,2695039,,2695040.0
2068634,611750,True,Sun Oct 08 14:49:39 +0000 2017,iOS 11.0.2 upgrade @115858 now phone is even slower. Oh &amp; my photos disappeared. Tired of crappy products. Hope you can fix this one.,2068633,,2068634.0
431381,217553,True,Tue Oct 10 12:33:41 +0000 2017,"IOS 11 sur mon Iphone SE : le tel s’éteint d’un coup, batterie s’use 2x + vite, clavier lag, applis crash, appels impossibles @AppleSupport",431380,,431381.0
394561,209480,True,Mon Oct 09 16:30:51 +0000 2017,When will @115858 address the control center issue that clearly doesn’t control the Wifi off and on?,394559,,394561.0
1144251,389323,True,Tue Oct 24 08:06:02 +0000 2017,@AppleSupport calendar app gets hung up when creating event and trying to enter a location. This makes it impossible to complete the entry😞,1144249,,1144251.0
1091317,377486,True,Mon Oct 23 23:40:38 +0000 2017,. @115858 why does my 6s bluetooth keep automatically turning on if I wanted it on I would turn it on myself,1091316,,1091317.0
2006967,255657,True,Sat Nov 04 02:30:46 +0000 2017,"@115858 My phone is eating battery life like a fuckin goat and all my friends are getting their iPhones today, another coincidence huh?",2006966,,2006967.0
96896,137148,True,Thu Nov 30 15:57:09 +0000 2017,"Hey @AppleSupport if I get a replacement for my device because it was defective, will it come in a sealed package as the first I got from the shop or I will get just a device without box?",96895,,96896.0
541154,245539,True,Sat Dec 02 03:35:46 +0000 2017,"@AppleSupport Hi, is there any fix to the issue with black screen and phone constantly restarting? iPhone X, iOS 11.1.2","541155,541156,541153",,541154.0
2526332,719339,True,Thu Nov 16 03:14:05 +0000 2017,Hey @AppleSupport why isn’t my phone letting me make or receive calls?,2526331,,2526332.0
2943360,813144,True,Wed Nov 29 08:03:51 +0000 2017,"@115858 
Why the fuck have my earphones stopped working when I go to change a song👍🏼👍🏼👍🏼👍🏼",2943359,,2943360.0
2004108,179132,True,Fri Nov 03 21:01:24 +0000 2017,What the hell is going on with #Apple products today? My brother is having issues with his iphone &amp; my ipod has gone to hell...@AppleSupport,2004107,,2004108.0
950937,345565,True,Sat Oct 21 18:17:01 +0000 2017,"#macOSHighSierra is malware! It killed my mbp! It’s stuck saying it can’t finish update. I can’t kill it, and @AppleSupport won’t help!",950936,,950937.0
2304025,668525,True,Sun Nov 12 17:17:58 +0000 2017,"High Sierra is a dud @115858. Complete erase and clean install and it continues to freeze, shut down by itself, extremely slow to respond, black screen of death, etc. It's very disappointing. I don't see many releases, do you plan to fix anytime soon??",2304023,,2304025.0
1726259,522087,True,Tue Nov 07 03:12:10 +0000 2017,@AppleSupport please get your shit together so i don’t have to correct me typing every time i use the letter i!!! i️,1726258,,1726259.0
2871699,797358,True,Tue Nov 28 02:49:14 +0000 2017,@AppleSupport why don’t my purchased text tones work consistently? Instead of my purchased tone my iPhone X is using a default tone. 😢,2871697,,2871699.0
2029698,600203,True,Tue Nov 07 03:01:16 +0000 2017,@115858 can y’all fix this glitch NOW!! I’m annoyed!,2029697,,2029698.0
2594446,734672,True,Fri Nov 17 02:09:00 +0000 2017,"@AppleSupport My Mac keeps shutting down suddenly and doesn't restart for half hour. Tried resetting the nvram, pram, smc even it didn't work. How to resolve this?",2594445,,2594446.0
2363012,682283,True,Mon Nov 13 21:06:03 +0000 2017,@AppleSupport  has anyone been having trouble with the ring tones?I have a contact attached to a ring tone and it won’t use it. It only uses the default ring tone.,2363011,,2363012.0
1714192,519111,True,Tue Nov 07 02:13:26 +0000 2017,Hey @115858 I️ ⬅️ FIX THIS SHIT,1714191,,1714192.0
199343,162984,True,Wed Oct 04 12:13:43 +0000 2017,@AppleSupport hi i have an issue with my iPhone- it was work then i called apple after that it doesn't work ....they we can do nothing,199341,,199343.0
156014,151818,True,Fri Nov 24 17:00:01 +0000 2017,"Dear @AppleSupport and @115858  when are you planning on fixing your horribly planned iOS that you just HAD to roll out before it was ready. 👉🏻 I  👈🏻would love to be able to use ALL of the letters on my keyboard that I paid $1,000 to use. 

Sincerely-
“Every iPhone owner”",156012,,156014.0
14231,119021,True,Wed Nov 22 05:21:33 +0000 2017,why iOS Keyboard looks weird in Landscape mode i was typing like nfjfhfbd wanzkdejfc c #fallontonight @AppleSupport Help me!!,14230,,14231.0
1367591,438361,True,Fri Oct 27 21:07:01 +0000 2017,@115858 just got home with my new Apple Watch and they have given me the wrong band in the Covent Garden London store.,1367590,,1367591.0
1740860,525232,True,Tue Nov 07 14:36:55 +0000 2017,@115858 girl what’s wrong with the letter “I️”,1740859,,1740860.0
2119420,624580,True,Wed Nov 08 06:30:04 +0000 2017,dear @AppleSupport can i get explanation step by step how to fix activate key device with the problem forgot apple ID &amp; password? thx before,2119419,,2119420.0
1340780,432723,True,Fri Oct 27 11:28:24 +0000 2017,Unreal battery drain after last two #ios updates on iPhone 7+ @115858 😡,1340779,,1340780.0
2127286,117878,True,Wed Nov 08 18:03:12 +0000 2017,And these fucking iiiiiiiiiiiiii’s are getting on my nerves @AppleSupport @115858,2127284,,2127286.0
2398138,690172,True,Tue Nov 14 04:37:14 +0000 2017,@AppleSupport my network has been “searching” for a connection for 3 days and sprint says its my phone not their service,2398137,,2398138.0
2869711,683053,True,Tue Nov 28 01:43:00 +0000 2017,".@115858, you couldn’t “bend the rules” to solve my problem but you sure as hell could “bend the rules” to take my phone away and cancel my phone payments.",2869710,,2869711.0
364079,202286,True,Sun Oct 08 17:31:02 +0000 2017,"Is s possible to  Uninstall IOS 11 from I Pad, it drainss the battery way too quickly @AppleSupport ?","364078,364080",,364079.0
1907020,568193,True,Wed Oct 25 14:34:48 +0000 2017,@AppleSupport the updates ruined my iPhone 6. Apps won’t stay open and battery is horrible. Why 😭,1907019,,1907020.0
1617107,141848,True,Sun Nov 05 03:13:03 +0000 2017,What the fuck is this shit!! @115858 @AppleSupport @2310 updated and it’s STILL COMING UP! 🙄🙄🙄🙄 https://t.co/mdFt8FRnjm,1617106,,1617107.0
2295683,666586,True,Sun Nov 12 19:53:04 +0000 2017,"@AppleSupport  i purchased iphone 6 in india and at i first had an issue of poping screen and then it replaced and now i am facing alot more issues such as hanging,internal parts are not packed and also network loss. Service centre is not responding. Solve my problem contact me",2295682,,2295683.0
2633173,743479,True,Fri Nov 17 17:25:49 +0000 2017,"I updated to iOS 11 and now my lock screen shows in demon colors before normal colors, someone help 😭",2633172,,2633173.0
2835809,286909,True,Mon Nov 27 12:51:57 +0000 2017,@AppleSupport please sort the battery life issue with the iOS 11.1.1 as it is beyond shocking now and you charge a fortune for your products,2835808,,2835809.0
1419657,450022,True,Wed Nov 01 23:09:14 +0000 2017,"@AppleSupport My iPhone 7 keeps on glitching whenever I’m in a app like YouTube the screen freezes but the audio playes, is it because ios11",1419656,,1419657.0
2555262,725604,True,Thu Nov 16 14:03:08 +0000 2017,@AppleSupport can you please fix your software? I don’t understand why my apps keep crashing.,2555260,,2555262.0
1900101,566256,True,Mon Oct 23 22:05:29 +0000 2017,@AppleSupport when r u fixing the iOS 11 battery drain &amp; ringtone FUBAR already?,1900100,,1900101.0
927634,340091,True,Sat Oct 21 03:56:04 +0000 2017,@115858 @118936 am having issue downloading my app back on my phone . The error message I get . Application been  modified,927633,,927634.0
1864142,556953,True,Fri Oct 20 10:18:25 +0000 2017,"@115858 probably one of your worst iOS updates ever. Glitches, freezing, etc. I’m about to be so ok with having ugly android emojis...",1864141,,1864142.0
2693992,128724,True,Sun Nov 19 16:59:28 +0000 2017,"@AppleSupport How do we delete older iCloud backups? I’m sure I don’t need *every* backup, just the last most recent. Thanks.",2693991,,2693992.0
2690749,756437,True,Sun Nov 19 15:40:25 +0000 2017,What’s wrong with my weather app? @157399 @115858 https://t.co/BoM4CtbvMP,2690748,,2690749.0
2753658,770789,True,Tue Nov 21 01:47:11 +0000 2017,@115858 tell me how to fix my pos phone pls &amp; thx,2753656,,2753658.0
919178,338203,True,Fri Oct 13 20:38:50 +0000 2017,@AppleSupport I was sold a secondhand Apple Watch and I’ve had no reply from the past owner!! The watch is in activation lock 🔐 https://t.co/TfEkOlFhyM,919177,,919178.0
509543,237058,True,Fri Dec 01 21:58:07 +0000 2017,"@AppleSupport iPhone keeps crashing every 30 seconds, tried restart, there's no updates, it's not the Apps, pls help","509542,509544",,509543.0
51678,127606,True,Wed Nov 01 17:40:07 +0000 2017,@115858 Yo wassup with this I️ shit? What’s good,51677,,51678.0
1009059,358771,True,Sat Oct 14 10:35:04 +0000 2017,Dear @AppleSupport this was happened twice in a week with my Iphone7 while making the calls https://t.co/o9JPJSDOO2,"1009058,1009060",,1009059.0
2572100,729364,True,Thu Nov 16 18:44:12 +0000 2017,@AppleSupport I requested a password change for my Apple ID a week ago. Still no instructions on what my next step is.,2572099,,2572100.0
1867386,557842,True,Fri Oct 20 06:46:50 +0000 2017,@AppleSupport is this a legit warning from apple? https://t.co/K16vph3VvG,1867385,,1867386.0
2082820,615968,True,Tue Oct 10 19:32:06 +0000 2017,"@115858 this new update is absolutely rubbish! Phones switching off all the time, and freezing🤦🏻‍♀️",2082819,,2082820.0
2004019,592598,True,Fri Nov 03 21:00:39 +0000 2017,@AppleSupport I️ type I️ and I️ get this bullshit ;,2004018,,2004019.0
1057401,369670,True,Mon Oct 23 03:18:53 +0000 2017,@AppleSupport just upgraded to IOS 11.0.3 and my battery life is awful. Please fix. Everyone else don’t upgrade past 10.,1057400,,1057401.0
1033267,364466,True,Sat Oct 14 17:42:23 +0000 2017,Thanks for hanging up on my @AppleSupport call.,1033266,,1033267.0
2024283,598661,True,Mon Nov 06 04:46:51 +0000 2017,@115858 better fix this weird i️ symbol thing,2024282,,2024283.0
2876452,798507,True,Mon Nov 13 18:11:38 +0000 2017,@AppleSupport I would like to report a spam email I just received regarding my apple account. Let me know where can I Foward the email. #Apple #Spam https://t.co/yn2f1nFIHU,2876450,,2876452.0
1202881,402595,True,Wed Oct 25 13:28:28 +0000 2017,"@116333 if my iPhone randomly jumps to full volume one more time, I'll fly to America and throw it at your face. R u doing it on purpose?",1202880,,1202881.0
2207684,645448,True,Fri Nov 10 01:09:13 +0000 2017,"@AppleSupport guys, had my MBP ’16 keyboard in to be checked, told it was dirty, back home and broken, and no service for 10 days- UNACCEPTABLE! Fix this now!",2207683,,2207684.0
1841343,551813,True,Wed Oct 18 01:26:26 +0000 2017,@AppleSupport any chance you can tell me how my dock moved to mid screen and how to move it back to bottom? https://t.co/bwmMhFq7dP,1841342,,1841343.0
1360089,342620,True,Fri Oct 27 18:36:13 +0000 2017,La p***** de vos races je paye mon telephone 800€ et vous arrivez a nous créer ce genre de bug @115858 @AppleSupport https://t.co/n5t4sgdMrI,"1360092,1360087,1360093",,1360089.0
2329650,674524,True,Fri Oct 20 00:33:42 +0000 2017,@AppleSupport you should really have a lock on the Apple TV remote. I always change channels accidentally   😫,"2329651,2329649",,2329650.0
673572,280654,True,Thu Oct 05 02:23:47 +0000 2017,"@115858 You Should learn from @122986, what innovation is !!!
@AppleSupport My iPhone is frequently crashing after iOS 11.0.2 m",673571,,673572.0
1395099,444438,True,Sat Oct 28 11:25:49 +0000 2017,@AppleSupport when are you going to fix this garbage iOS 11? 😡 I can barely use my #iPhone 6📱 now 😡,1395098,,1395099.0
1122182,266977,True,Sat Oct 14 06:14:37 +0000 2017,@AppleSupport Have music on iphone6s+ and Airbook under Amazon Music. No longer populates itself to itunes. How can I sync?,1122180,,1122182.0
413124,213604,True,Tue Oct 10 01:00:33 +0000 2017,@AppleSupport HELP! Phone CONSTANTLY freezes and apps (even native ones) frequently crash &amp; don't load. Running 11.0.2 on iPhone 7.,413122,,413124.0
459589,224184,True,Fri Dec 01 01:01:35 +0000 2017,@115858 fix I.T,459588,,459589.0
2627736,742172,True,Fri Nov 17 15:34:10 +0000 2017,Alguien sabe que pasa con @AppleSupport actualizar dos iphone y se quemaron! Y ahora actualizo MacBook y no arranca ??? @93688,2627735,,2627736.0
2193411,641928,True,Thu Nov 09 20:18:28 +0000 2017,"honestly , @AppleSupport  your updates have done nothing but negative things for my cell phone you MAY lose a customer here !!!!!!!!",2193410,,2193411.0
2377125,685598,True,Tue Nov 14 03:04:42 +0000 2017,@AppleSupport since I updated my new 6s plus to 11.1.1 iOS I no longer am receiving any of my phone calls or voice mails. #1 job is phone.,2377123,,2377125.0
1167831,394688,True,Tue Oct 24 18:25:43 +0000 2017,@AppleSupport how come no music info will show up on my lock screen when I’m playing music?Can’t skip the song or anything.,1167829,,1167831.0
2205808,187074,True,Thu Nov 09 22:13:15 +0000 2017,@115858 when are you going to fix this: I️ I️ I️ I️ ? Cc @AppleSupport,2205807,,2205808.0
556970,250053,True,Sat Dec 02 19:06:31 +0000 2017,How do i close these tabs? Anyone ? Someone? @AppleSupport https://t.co/5EaTaK7IhL,"556968,556972",,556970.0
1716618,519826,True,Mon Nov 06 23:09:11 +0000 2017,@AppleSupport can y’all fix our keyboards b/c everytime someone types the letter i all I see is a letter A and a box with a question mark!,1716617,,1716618.0
2593214,628923,True,Fri Nov 17 01:58:34 +0000 2017,@AppleSupport please help!!!’ Latest OS slowing down my  IPhone 6.  WNt to go back,2593213,,2593214.0
1395723,444562,True,Sat Oct 28 11:30:09 +0000 2017,"Hey @115858! It says 4G right up there. What do you mean by “Mobile Data is Turned Off”. 
cc. @AppleSupport https://t.co/xkvCCmPnt4",1395722,,1395723.0
770928,304119,True,Wed Oct 11 23:47:03 +0000 2017,@AppleSupport is this legitimate https://t.co/Uz0JADsfjb,770927,,770928.0
2616618,739567,True,Fri Nov 17 06:59:53 +0000 2017,"@115858 you know we I still having problem with the wifi, have to shake it and hit it to nake work properly. any solution?",2616617,,2616618.0
2678119,753654,True,Sun Nov 19 04:18:16 +0000 2017,"@AppleSupport my iPhone 8+ keeps rotating the home screen to landscape mode, even when I have portrait orientation lock on and the phone is not turned. Is there a way I can fix this issue?",2678117,,2678119.0
101287,138171,True,Thu Nov 30 17:00:28 +0000 2017,@AppleSupport My iPhone X makes a clicking sound from the screen if you press on the bottom left corner of the screen,101286,,101287.0
2040792,603415,True,Tue Nov 07 23:23:29 +0000 2017,WTH @AppleSupport can’t verify iOS update?  Hours?? b/c no internet but totally on internet. Plz fix. Thx.,2040791,,2040792.0
1476990,462941,True,Thu Nov 02 20:32:14 +0000 2017,@115858 why can I️ no longer type the letter “I️” this update sucks,1476989,,1476990.0
2911782,613591,True,Tue Nov 28 21:24:22 +0000 2017,"I had to restart my iPhone 2 times today! @115858 you guys are a joke for rushing the iPhone
8#pissedoffatapple#neveragain#android4lyfe",2911781,,2911782.0
1387608,442858,True,Mon Oct 16 15:46:46 +0000 2017,@115858 do you make you Iphones our of biodegradable products? It seems my Iphone falls apart by the time a new one comes out☹️🤔,1387606,,1387608.0
2015273,595919,True,Sun Nov 05 14:59:39 +0000 2017,@115858 get your shit together. This A and I️ mixup is worse than your new emoji choices. And we still don’t have the option for italic font,2015272,,2015273.0
234972,171960,True,Thu Oct 05 06:18:21 +0000 2017,@AppleSupport is this real or spam? #AppleSecurity https://t.co/lLSMLqyLAB,234970,,234972.0
2369513,683805,True,Mon Nov 13 23:34:43 +0000 2017,. @AppleSupport this has been going on all day on new iPhoneX. Called twice. No help. Any solutions? https://t.co/xcFEK7r08D,"2369512,2369514",,2369513.0
1474849,462380,True,Sat Oct 28 20:44:28 +0000 2017,"@115858 since updating iOS on my iPad a couple o&amp; days ago, Twitter performance has been awful. What gives?",1474847,,1474849.0
2943317,813129,True,Wed Nov 29 08:40:00 +0000 2017,I haven’t even had my phone for a month and it already freezing and crashing @AppleSupport fix this,2943315,,2943317.0
2333331,675309,True,Fri Oct 20 01:22:22 +0000 2017,@115858 this new update destroyed my phone 🙃,2333330,,2333331.0
1761235,530025,True,Tue Nov 07 18:39:45 +0000 2017,@AppleSupport how long do my order will still stuck in progress?,1761234,,1761235.0
2020675,597586,True,Sun Nov 05 02:12:35 +0000 2017,WTF @115858  can u fix the draining battery issues cause by IOS11 @116333 - get an update STAT!! #iso11,2020674,,2020675.0
370355,203709,True,Sun Oct 08 21:12:03 +0000 2017,"@AppleSupport iOS 11 is making my phone Run slow removes the text bar in iMessages, my home screen is messed up. Can I go back to 10 ?",370351,,370355.0
642008,272362,True,Wed Nov 22 20:26:51 +0000 2017,@116333 just wondering the last time you visited one of your stores? Worst experience on planet earth. #neverapple,642007,,642008.0
746051,156813,True,Wed Oct 11 15:22:15 +0000 2017,@AppleSupport My iPhone sometimes dims when it’s on full brightness. It eventually goes back to full brightness. Is that normal?,746049,,746051.0
2948210,351653,True,Wed Nov 29 16:25:33 +0000 2017,What the heck again @AppleSupport ? I still have 28GB of iCloud https://t.co/qqJlj8yqnO,2948209,,2948210.0
120658,142826,True,Thu Nov 23 23:03:43 +0000 2017,@116333  don't just earn money by selling high price mobiles. Battery backup is very worst for iPhone X. For INR 102000 worth mobile doesn't even give half a day battery. Are you kidding me ? Just return my money back. 15000 worth mobile gives better battery backup,120655,,120658.0
288348,184683,True,Fri Oct 06 12:32:41 +0000 2017,Hi @AppleSupport I’d love to share individual playlists with followers on Apple Music. Seems impossible without scrolling thru ALL of them…?,288347,,288348.0
1734458,523773,True,Tue Nov 07 03:57:16 +0000 2017,Hey @115858 it’d be great if I️ could type the letter “I️” without this popping up all the time https://t.co/3fxuF5HBk1,1734456,,1734458.0
1078720,374462,True,Tue Nov 07 16:33:00 +0000 2017,@AppleSupport Why do notifications disappear from my lock screen when I haven’t touched my phone? Didn’t have this issue before the update.,1078719,,1078720.0
1552868,480467,True,Fri Nov 03 20:31:43 +0000 2017,Hello @AppleSupport I would love to use my new iPhone X https://t.co/hrP0kjRNIi,1552867,,1552868.0
2082116,615764,True,Tue Oct 10 17:25:00 +0000 2017,Thanks @115858 for making my phone practically useless. #iOShite,2082115,,2082116.0
1909867,568946,True,Tue Oct 24 20:39:43 +0000 2017,@AppleSupport aye bro my phone been tweaking since I updated it man,1909865,,1909867.0
1454541,457593,True,Thu Nov 02 12:22:55 +0000 2017,@AppleSupport why can’t I️ type the letter “I️” without having a symbol pop up?!?,1454539,,1454541.0
1180147,397544,True,Sat Nov 25 18:37:01 +0000 2017,@AppleSupport Any idea how I can fix this if it won’t recognise the Bluetooth keyboard &amp; I don’t have a wired one spare? Why won’t the OS install? https://t.co/3jilSMfFdg,1180146,,1180147.0
159538,152726,True,Fri Nov 24 18:00:46 +0000 2017,.@136083 site is worthless with the Safari browser on my Macbook Pro. It does not function right with Safari. What should I do? Not liking the idea of using another browser. .@AppleSupport,159537,,159538.0
2038027,602600,True,Tue Nov 07 02:33:55 +0000 2017,And this damn phone keep fucking up the letter I &amp; it’s really pissing me off @AppleSupport 😤🤬,2038026,,2038027.0
1823217,547330,True,Sun Oct 15 19:45:40 +0000 2017,"Am I the only one who gets disconnected from the WiFi all the time after the new iOS update?

@AppleSupport #apple #iphone",1823216,,1823217.0
1807710,350706,True,Sat Oct 14 06:35:54 +0000 2017,"iOS 11.0.3 is majorly unstable. It crashes at least twice a day on my iPhone 7. Don't know what @115858 is doing, but it's not good. #FAIL",1807709,,1807710.0
1858813,555793,True,Thu Oct 19 14:18:30 +0000 2017,"ok, @AppleSupport WHAT is up with this new software? My phone mysteriously turns off cellular &amp; has a mind of its own since the update!!",1858812,,1858813.0
2686677,755513,True,Sun Nov 19 05:07:43 +0000 2017,@AppleSupport can you guys please fix the issue with iOS 11 and not being able to log into my iCloud it’s a real inconvenience,2686675,,2686677.0
53588,128113,True,Wed Nov 01 18:32:03 +0000 2017,"@AppleSupport Also, why do my AirPods suddenly stop playing music after being connected for awhile?",53587,,53588.0
1642523,502061,True,Sun Nov 05 23:05:17 +0000 2017,Ok @AppleSupport why can’t I️ type I️,1642522,,1642523.0
1228752,408262,True,Wed Oct 25 15:47:06 +0000 2017,Today I had a strange bug #iOS11 @AppleSupport https://t.co/39gFHcRl89,"1228751,1228753",,1228752.0
1588864,351410,True,Sat Nov 04 19:34:24 +0000 2017,@AppleSupport new ios wrecked my 6splus battery and Bluetooth When will an update fix this #AppleUpdatesAreIrresponsible,1588863,,1588864.0
2505047,188958,True,Wed Nov 15 20:52:35 +0000 2017,"@AppleSupport updated to high sierra on my macbook pro and now nothing (including netflix) will go on full screen. Also, shows that I PURCHASED I can no longer watch in itunes...just the sound plays with no videos.",2505045,,2505047.0
2179581,593697,True,Sun Nov 26 06:19:49 +0000 2017,Anybody else experiencing a nightmare with the new #HighSierraOS ? @AppleSupport,2179580,,2179581.0
631852,138332,True,Wed Nov 22 15:22:50 +0000 2017,@AppleSupport Are you guys aware of any bugs causing AirPods to not keep connection with the iPhone X or iOS 11.1.2? I’ll put them in and they don’t connect automatically like they did with my iPhone 7. Any recommendation or update would be appreciated. Thanks!,631851,,631852.0
1125419,385355,True,Sun Oct 15 09:13:36 +0000 2017,@AppleSupport @115858 WTF https://t.co/OTRGjH0zqT,1125417,,1125419.0
1272377,417845,True,Thu Oct 26 13:25:57 +0000 2017,Hey @AppleSupport - after the latest update my iPhone 7 and airpods are showing some poor and unresponsive behaviours. Ideas ?,1272375,,1272377.0
550648,240776,True,Sat Dec 02 13:55:54 +0000 2017,@AppleSupport so iOS 11.2 is live but  PayCash is not 🤯 this has to be the dumbest 💩 I heard today. https://t.co/0R3SL98SKw,550646,,550648.0
1980960,586391,True,Wed Oct 18 17:40:32 +0000 2017,@AppleSupport battery on my iPhone 7 sucks after 11.0.3 upgrade. Have to charge multiple times in a day. Help!!!,1980959,,1980960.0
457232,223561,True,Fri Dec 01 00:12:42 +0000 2017,So some random person is trying to use my email address for their apple id and now I'm 1) getting spammed with verification emails 2) can't create an apple id using that email address 3) can't login to their apple id (don't know the phone number) 4) no way to tell @AppleSupport,457231,,457232.0
2041439,603608,True,Wed Nov 08 02:13:23 +0000 2017,"while I was eating my pork katsu ""curry"" for dinner I accidentally spilled some of the sauce on my phone, and I think it legitimately corroded the screen. I've tried wiping it off with/without water and using an eraser on it to no avail. any tips @AppleSupport? help would be nice",2041438,,2041439.0
588054,258961,True,Sun Dec 03 14:13:48 +0000 2017,"@AppleSupport ""Unable to activate faceID on this iPhone"" after updating to iOS 11.2 to fix the December 2nd Crashing bug. Do y'all have a quality control department anymore?",588053,,588054.0
1727919,266455,True,Tue Oct 17 19:28:43 +0000 2017,I can’t swipe my control center up if I have an app open.  @AppleSupport help,1727917,,1727919.0
598129,261797,True,Sun Dec 03 19:09:40 +0000 2017,@AppleSupport trying to add Apple cash to an iPhone 8 Plus running 11.2. Went to wallet no toggle screen. Works on X https://t.co/7pXS03P8LJ,598128,,598129.0
2133494,526445,True,Wed Nov 08 20:03:08 +0000 2017,@AppleSupport I'm having troubles with my iPhone,2133493,,2133494.0
386559,207513,True,Mon Oct 09 04:03:10 +0000 2017,Wtf!! @115858 I lost a whole months worth of designs over a f***ing gray screen 🤔🤔🤔,386558,,386559.0
1482372,464196,True,Fri Nov 03 01:37:15 +0000 2017,Hey @115858 we need another update FAST. My keyboard is malfunctioning,1482370,,1482372.0
1591075,489152,True,Sat Nov 04 20:35:03 +0000 2017,"I need @115858 to fix these damn questions marks that keep popping up on my phone, im sick of it 🙃",1591074,,1591075.0
2488748,301830,True,Wed Nov 15 15:32:58 +0000 2017,It’s stupid that you made an option for Safari to even be deleted! @AppleSupport,2488747,,2488748.0
558408,116325,True,Sat Dec 02 20:09:38 +0000 2017,"@AppleSupport who is behind this account? Is it really Apple? Your handling of questions about Apple Pay Cash is misleading... no, incompetent. Why are you telling people there’s no Apple Pay Cash in 11.2 when the update says it is? https://t.co/3FoGRPaV3U",558406,,558408.0
844280,320723,True,Fri Oct 20 08:20:06 +0000 2017,"@AppleSupport, was ist mit dem #Mac @118936 los? #hängtdauernd #nixklappt",844278,,844280.0
2981992,822461,True,Mon Nov 20 03:19:46 +0000 2017,when your iphone deletes every single message youve ever had. @115858 @AppleSupport,2981991,,2981992.0
1564092,482981,True,Sat Nov 04 05:25:31 +0000 2017,Tired of these Question mark Boxez like fr My phone Cost a Band like Wtf y’all on @AppleSupport 🤬,1564091,,1564092.0
2134872,628088,True,Wed Nov 08 15:45:45 +0000 2017,@AppleSupport fix the damn i️,2134871,,2134872.0
2834254,788978,True,Sun Nov 12 11:33:44 +0000 2017,@AppleSupport This morning was the 4th time my alarm hasn’t gone off. I have two set for 5 minutes apart every day &amp; neither went off. I’ve used daily alarms for years &amp; never had one not work until the last update. Why is this happening? How do I fix it?,"2834255,2834252",,2834254.0
1616004,495584,True,Sun Nov 05 02:31:54 +0000 2017,Hey @AppleSupport - what is this crap?? https://t.co/jHpHyPDmvj,1616003,,1616004.0
1862076,556503,True,Thu Oct 19 17:36:00 +0000 2017,"@116333 2 months and left speaker of Macbook Pro 2017 already sounding weird, even after paying so much money for your premium products.",1862073,,1862076.0
1621212,496800,True,Sun Nov 05 07:37:05 +0000 2017,CANT WAIT FOR MY NEW PHONE NOW BECAUSE @115858 YOUR @1542 FUCKED UP MY FUCKING PERFECTLY GOOD 6!!!!,1621211,,1621212.0
1217555,405699,True,Wed Oct 25 11:43:18 +0000 2017,@AppleSupport at what percentage should i charge my iphone 6,1217554,,1217555.0
433136,218016,True,Tue Oct 10 13:51:16 +0000 2017,@AppleSupport Hi I am not satisfied with the service of my Iphone 7. Please contact me on 9899821704,433135,,433136.0
1738875,524835,True,Tue Nov 07 13:36:46 +0000 2017,So @AppleSupport wyd about this “i” situation? I’m bout fed up 🤬,1738874,,1738875.0
662842,277919,True,Thu Nov 23 01:15:55 +0000 2017,@AppleSupport when I turn off my Wi-fi in control centre it goes white instead of grey. And the top says disconnecting until tomorrow? https://t.co/BTrWnum1oQ,662841,,662842.0
2286721,664426,True,Sun Nov 12 00:30:31 +0000 2017,"@AppleSupport I have a problem with my MacBook Air, when I turn it on, the screen only lights a little and nothing happens",2286720,,2286721.0
1463524,459697,True,Thu Nov 02 16:55:12 +0000 2017,"aye @115858, the letter that comes after H and before J is not a special character. fix this damn update",1463523,,1463524.0
2522553,715490,True,Thu Nov 16 01:02:26 +0000 2017,@115858 my iphone never works i want a new one,2522552,,2522553.0
1592022,489384,True,Sat Nov 04 20:51:00 +0000 2017,@AppleSupport @115858 What happened to my battery in iPhone 6s after ios 11 update??,1592020,,1592022.0
2126070,517083,True,Wed Nov 08 17:10:20 +0000 2017,Seriously are we not doing something about the it I️t situation @AppleSupport,"2126069,2126071",,2126070.0
1368418,438510,True,Fri Oct 27 21:26:49 +0000 2017,"@applesupport this update has caused nothing but problems with my phone. Freezes, shuts programs down, runs slow. Lots of issues!",1368416,,1368418.0
1803260,541848,True,Fri Oct 13 14:32:59 +0000 2017,@AppleSupport I've tryed to reset my icloud account password and its saying its lock,1803259,,1803260.0
2304323,668603,True,Sun Nov 12 18:16:09 +0000 2017,Ok @115858  y’all my fav company but y’all taking money from my card with out my knowledge just to update my apps so what’s really going on,2304322,,2304323.0
2004114,592632,True,Fri Nov 03 20:49:50 +0000 2017,@115858 can you explain why my computer internally combusted? https://t.co/XYzc4FhHSL,2004113,,2004114.0
761302,301899,True,Wed Oct 11 19:39:01 +0000 2017,"Hey @AppleSupport when are you fixing the iOS 11 WiFi issue?  You turn it off, it goes back on.😡",761301,,761302.0
1763645,530588,True,Tue Nov 07 20:04:47 +0000 2017,@115858 fix this shit! https://t.co/o1uJCfS326,1763644,,1763645.0
1087797,304315,True,Mon Oct 23 18:34:55 +0000 2017,@117245 can you advise?? #When you buy a premium priced product you expect premium customer service.....#obviously it’s too much to ask for these days!!! @AppleSupport @331101,1087796,,1087797.0
199386,162999,True,Wed Oct 04 11:10:14 +0000 2017,@115858 :Since I downloaded IOS11 on my iPhone 6 it has been really slow &amp; clunky. I wish I’d left well alone. Have others had these issues?,199384,,199386.0
2121653,625087,True,Wed Nov 08 09:23:42 +0000 2017,macOS High Sierra could not be installed on your computer. OSInstall.mpkg appears to be missing or damaged. Excellent @AppleSupport and now what? https://t.co/B6obYN5YRp,"2121663,2121664,2121649",,2121653.0
2237278,652405,True,Fri Nov 10 15:40:53 +0000 2017,@AppleSupport  What's going on? My movies went from 4k down HD in my purchase history like War of  the planet of the apes and Annabelle : creation,2237277,,2237278.0
1637156,500718,True,Sun Nov 05 19:28:05 +0000 2017,Me phone is up to date &amp; I’m still seeing question mark boxes 😤😤😤 @AppleSupport @118936,"1637155,1637157",,1637156.0
2063754,596147,True,Fri Oct 06 15:25:11 +0000 2017,"Hey, @115858, are any of these iOS updates going to address battery issues? Since updating to 11 my battery is GARBAGE.",2063753,,2063754.0
2590734,733797,True,Mon Oct 30 19:36:44 +0000 2017,@AppleSupport aye cuz. What’s going on here? https://t.co/gglvTXwDqU,2590733,,2590734.0
712955,290512,True,Tue Oct 10 21:55:53 +0000 2017,@AppleSupport Did iOS 11.0.2 create any wifi connectivity and speed issues? I’ve been having some ever since I did the update. Thanks.,712954,,712955.0
811643,313385,True,Thu Oct 12 19:22:28 +0000 2017,@AppleSupport why does this keep happening even when I have disabled the guest login? When I reenabled it I had 2 guest logins instead of 1 https://t.co/15onjFAKnD,811641,,811643.0
2263465,394453,True,Mon Nov 20 23:44:50 +0000 2017,"@115858 @AppleSupport I’d really like to play this one song, but I can’t. I found it scrolling through old songs, I tapped the add button, and it says “item can’t be played” for some reason. https://t.co/ojcZ0UbLhQ","2263463,2263469",,2263465.0
709517,289653,True,Tue Oct 10 19:14:49 +0000 2017,"I need help ! Constantly freezing and switching off since I updated to Ios 11.0.2. 

@115858 @AppleSupport @119459",709516,,709517.0
1718459,520321,True,Tue Oct 17 18:16:56 +0000 2017,ios11 sucks. Ugly fonts in bold. Poor app icons. Camera hangs. Horrible look and feel. @115858 may be I can now consider switching 🤔,1718458,,1718459.0
552061,248687,True,Sat Dec 02 15:23:53 +0000 2017,Sooo my phone just gone reboot every minute!? Wtf @115858,552060,,552061.0
1809955,543759,True,Sat Oct 14 19:08:23 +0000 2017,"@115858 @AppleSupport fix this please, my clock keeps disappearing on iOS 11 #appleios11 #iOS11 https://t.co/grXlY55GOL",1809954,,1809955.0
872070,327045,True,Mon Oct 09 19:52:28 +0000 2017,@AppleSupport my Apple Watch says it's paired with my phone but my phone won't make noise when I press 'pinging iphone' and the app says: https://t.co/TtmBDI18PH,872068,,872070.0
1841117,551754,True,Wed Oct 18 01:04:53 +0000 2017,@AppleSupport Trying2transfer giant iTunes library2a new laptop not everything transferred do I need to select everything manually?,1841115,,1841117.0
982102,352857,True,Sun Oct 22 08:39:01 +0000 2017,"It’s quite impressive @AppleSupport  but you made iPhone 6s with iOS11 behave like android device- good job !!! Lags everywhere, bad battery","982101,982103",,982102.0
2911735,806039,True,Tue Nov 28 21:44:45 +0000 2017,@115858 iOS 11.1.2 draining battery life. Last almost a day from full charge. Half as long when compared to previous iOS. Please sort.,2911734,,2911735.0
1573086,195172,True,Sat Nov 04 03:33:48 +0000 2017,I forgot my passcode and now I can’t update my phone 😭 @115858 help,1573085,,1573086.0
862706,324848,True,Fri Oct 13 13:38:11 +0000 2017,@AppleSupport Updated to the latest Version Of IOS 11 and now the Docks Disappeared #Apple #fixup https://t.co/eK9jr446XJ,862705,,862706.0
430133,217272,True,Tue Oct 10 11:17:39 +0000 2017,Hey @115858 what did iOS11 do to my phone that I don’t get WiFi in my room anymore? #thissucks,430131,,430133.0
2314392,373270,True,Sun Nov 12 22:38:30 +0000 2017,updated to iOS 11.1.1 and I still get the freaking thingies!! @AppleSupport make it stop!!,2314390,,2314392.0
107352,139842,True,Thu Nov 23 18:57:03 +0000 2017,"I swear to god I’m going to throw my iPhone out of frustration. STOP TURNING WIFI BACK ON @AppleSupport I turn it off, it comes back on. Every 5 minutes. It’s fucking annoying not having a phone that works right anymore","107349,107356",,107352.0
2356531,680775,True,Mon Nov 13 18:55:13 +0000 2017,i️ have never had so many issues with my phone @AppleSupport what the fuck is this,2356529,,2356531.0
543790,246328,True,Sat Dec 02 08:08:59 +0000 2017,"@AppleSupport can’t use my iPhone 7, keeps crashing since this morning??",543789,,543790.0
1605521,492500,True,Sat Nov 04 22:06:10 +0000 2017,Fix this shit or y’all are gonna have to send me an iPhone X to compensate me 🙄 @115858 https://t.co/zmaxuD864I,1605519,,1605521.0
2015204,229218,True,Sun Nov 05 15:45:02 +0000 2017,Hey @AppleSupport I️ need you to fix your shit now I️,2015202,,2015204.0
2297312,666922,True,Sun Nov 12 13:27:45 +0000 2017,Dear .@115858 I️ would like to use a letter in the alphabet without your system changing it every time. Are you working to address? I️ would like to know thx,2297311,,2297312.0
363776,202211,True,Sun Oct 08 16:52:21 +0000 2017,"Dear @AppleSupport, when you gonna fix this terrible iOS11 that eats my iPhone 6s battery for breakfast?",363775,,363776.0
2129155,626763,True,Wed Nov 08 18:51:16 +0000 2017,Fuck @115858 and this I️ thing,2129154,,2129155.0
148084,149683,True,Fri Nov 24 10:57:33 +0000 2017,@AppleSupport my Apple Music is constantly crashing - I can’t even open the app! This recent iPhone updates have been shocking - I’ve had nothing but problems,148083,,148084.0
1557172,284520,True,Sat Nov 11 13:25:38 +0000 2017,"@115858 the new update is ridiculous, the phone keeps freezing and having to be constantly turned off and on since the update 🙄",1557171,,1557172.0
2914674,806814,True,Tue Nov 28 22:42:36 +0000 2017,WTFFFFFF @115858 https://t.co/PHrhC2Ctuc,2914672,,2914674.0
1276305,278564,True,Thu Oct 26 15:06:15 +0000 2017,"@AppleSupport 

iTunes says my Apple Music subscription is up in November, but when I try to access my songs, it says I’m not subscribed.",1276304,,1276305.0
1103704,380447,True,Mon Oct 23 23:45:15 +0000 2017,"Hello, 
I'm facing a problem, why I can't update my iphone? there's enough space @AppleSupport","1103703,1103705",,1103704.0
2562349,727167,True,Thu Nov 16 16:57:21 +0000 2017,"@AppleSupport My 6s plus is freezes after the latest update i made on Monday 14 of Nov, I cannot use it and the touch screen is not working !!!!!",2562348,,2562349.0
2705047,483236,True,Sun Nov 19 22:28:15 +0000 2017,".@115858 needa stop fuckin wit a nigga.. my battery been dying fast since the X dropped, whats brackin?",2705046,,2705047.0
365662,202616,True,Sun Oct 08 18:15:16 +0000 2017,@115858 @AppleSupport your new update is SHITE. Nothing works and everything crashes! Sort it out,365660,,365662.0
2488649,710702,True,Wed Nov 15 16:06:43 +0000 2017,"My Macbook charger died, again.  That was my second one man…I'm fed up. @115858",2488648,,2488649.0
2066449,611090,True,Sun Oct 08 02:57:32 +0000 2017,"@116333 terrible shopping experience in Apple store, greater people with bad management. https://t.co/33RjtsmZMF",2066448,,2066449.0
373659,204547,True,Sun Oct 08 23:48:49 +0000 2017,@AppleSupport my gps hasn’t been working for weeks. How do I fix it? 🙃,373658,,373659.0
2285150,664039,True,Sat Nov 11 08:59:02 +0000 2017,@AppleSupport I bought a new iPhone 7 2 weeks ago. Was 100% @ 5pm yest and down to 3% already without barely using it. I thought the battery was menabe better!!?? Pls help,2285149,,2285150.0
2301175,492136,True,Sun Nov 12 14:14:42 +0000 2017,@AppleSupport Hi I’ve somehow switched to US iTunes Store and can’t switch back to UK as it tells me I need to cancel subscriptions first. How do I fix? Thanks,2301174,,2301175.0
1582090,486988,True,Sat Nov 04 18:29:26 +0000 2017,.@115858 why on earth would you remove unwatched filter from apple tv??? #WTF,1582089,,1582090.0
2509340,715337,True,Wed Nov 15 21:35:23 +0000 2017,"@AppleSupport very dissapointed today, told it was just tough that my replacement iphone never arrived and that I'd have to sort it myself!",2509339,,2509340.0
1830481,549285,True,Tue Oct 17 17:25:53 +0000 2017,WHENEVER I USE THOSE FILTERS ON SNAPCHAT MY PHONE GETS SO HOT THAT YOU COULD LITERALLY FRY AN EGG ON IT. #HELPPP @ATT @APPLESUPPORT @18540,1830480,,1830481.0
1168605,394877,True,Sun Oct 15 19:27:49 +0000 2017,@AppleSupport if I update to iOS 11.3 will my non apple touch screen work ?,1168604,,1168605.0
2005232,592986,True,Sat Nov 04 00:46:47 +0000 2017,The new @115858 update has completely screwed my iPhone 7 🤬 definitely going for a @125607 next time. #applesucks,2005231,,2005232.0
2547285,723944,True,Thu Nov 16 06:50:03 +0000 2017,"@AppleSupport this update is stupid, can’t write the letter I without it being changed to “! ?” What kind of update is this!!???",2547284,,2547285.0
2518207,717319,True,Wed Nov 15 23:19:41 +0000 2017,@AppleSupport why can’t I use my Apple Watch without unlocking my iPhone. Apple Watch says Device Locked unlock iPhone to use Apple Watch.,2518205,,2518207.0
1578773,486196,True,Sat Oct 28 21:54:33 +0000 2017,Having to restart my $1500 phone at least 5 times a day because it’s frozen is ridiculous. Thanks @115858 for the update. #not,1578772,,1578773.0
2112930,596390,True,Wed Nov 08 13:19:37 +0000 2017,@AppleSupport so when is there going to be an update to fix this glitch?,2112929,,2112930.0
586967,258620,True,Sun Dec 03 12:32:02 +0000 2017,@AppleSupport iOS11.2 radomly goes unresponsive on me. https://t.co/iD74gHFmFq,586966,,586967.0
1802455,272491,True,Fri Oct 13 06:12:20 +0000 2017,Bought new Apple Watch and suddenly not able to use iMessage anymore. Thanks @115858 :/ @AppleSupport,"1802456,1802454",,1802455.0
1674180,509409,True,Mon Nov 06 04:30:07 +0000 2017,@AppleSupport aye bruh wassup with this —-&gt; I️,1674179,,1674180.0
1083279,375530,True,Sun Oct 15 01:55:11 +0000 2017,"Hi @AppleSupport 
How do I get a refund? I purchase a recharge gem at @46790 but it never went through and the amount has been ...","1083281,1083277",,1083279.0
1241116,411119,True,Wed Oct 25 22:16:08 +0000 2017,Ugh. New OS on Iphone making my phone shut off and restart randomly. Not helpful when driving and needing directions @AppleSupport,1241115,,1241116.0
1524256,473535,True,Fri Nov 03 12:58:13 +0000 2017,@115858 please fix this question mark box stuff!!!!,1524255,,1524256.0
270941,180633,True,Fri Oct 06 01:05:41 +0000 2017,"@AppleSupport 

Upgraded MBP (13"" 2016 w/ Touch Bar) to High Sierra, Photos stuck ""updating library"" at 5% for 2 days. Can't restart or quit",270939,,270941.0
1276345,418756,True,Thu Oct 26 13:08:10 +0000 2017,"@AppleSupport after update, my phone it won’t go into sleep mode w/o me pressing the button in the side. I have it set to 30 seconds https://t.co/i67XzedRVE",1276344,,1276345.0
2117326,624065,True,Wed Nov 08 04:32:42 +0000 2017,"Sooo about this ""this accessory may not be supported"" message I've been getting over the last 2-3 days no matter which charger I use @AppleSupport",2117325,,2117326.0
2553999,725338,True,Thu Nov 16 12:38:36 +0000 2017,So is Apple just not gonna fix this I️ “I️” thing? @AppleSupport it’s really messing up my text flow!!,2553997,,2553999.0
1677061,510125,True,Mon Nov 06 06:05:09 +0000 2017,"Why does my iPhone want to ALWAYS autocorrect the letter ”i” with “A  ?” ..?

@115858 help me out!!",1677060,,1677061.0
885705,330311,True,Fri Oct 13 16:44:03 +0000 2017,"iOS 11 is draining the battery of my iPhone 6s Plus, it goes from 100% to 40% in two hours and a half, any advice @AppleSupport ?","885707,885703",,885705.0
2691887,756702,True,Sun Nov 19 15:53:44 +0000 2017,"For months now, any time I listen to music on my iPhone, the phone does a full restart. Help? Suggestions? @AppleSupport",2691885,,2691887.0
2623990,741270,True,Mon Oct 30 22:24:45 +0000 2017,"O que merda está acontecendo com meu celular? Não consigo solicitar @1742, o @115888 só pega quando quer. Alooooo @AppleSupport","2623991,2623989",,2623990.0
1536274,304253,True,Fri Nov 03 20:46:25 +0000 2017,@AppleSupport Get your act together @115858. It sure would be nice to be able to activate my iPhone X !,1536273,,1536274.0
752182,299764,True,Sat Oct 07 00:42:06 +0000 2017,"@AppleSupport How long does an iPad trade take to process? Tracking says it was delivered 10/2, but trade site says it hasn't received it.",752181,,752182.0
1181542,397867,True,Tue Oct 24 22:07:58 +0000 2017,"@AppleSupport anyone going to fix my phone? I can never hear people on the phone unless I switch it on and off,only works for one call.",1181541,,1181542.0
1808007,543164,True,Sat Oct 14 10:51:25 +0000 2017,@AppleSupport is anyone reporting their iPhone 7 freezing up when trying to text photos or Videos? I’m on 11.0.3 and have plenty of memory.,1808006,,1808007.0
373387,204479,True,Sun Oct 08 23:10:29 +0000 2017,@AppleSupport anyone else having there music that shouldn’t be downloaded showing on there apple device and it won’t go away since 11.02,373386,,373387.0
1750384,527497,True,Tue Nov 07 15:16:00 +0000 2017,@AppleSupport are y’all really gonna start screwing with the alphabet now just to make us upgrade? (EYE) AM NOT PLEASE,1750383,,1750384.0
388550,207936,True,Mon Oct 09 08:07:37 +0000 2017,"Hey, @115858! Are you doing something to solve #iOS11’s battery drain problem? This problem’s getting on my nerves! Shit! 😡😡😡",388548,,388550.0
2686643,755507,True,Sun Nov 19 05:23:36 +0000 2017,"iTunes 12.7.1.14 automatically skips the song at random times
@AppleSupport 
@118721",2686641,,2686643.0
2020803,597626,True,Sun Nov 05 23:39:31 +0000 2017,It’s been about 5 days of this I️ I️ I️ @AppleSupport wassup?,2020802,,2020803.0
2095383,619037,True,Tue Oct 10 10:56:00 +0000 2017,@AppleSupport iOS update is an absolute joke. Phones basically a land line now as need to leave on charge most of the day 😡,2095382,,2095383.0
60293,129786,True,Wed Nov 01 20:29:47 +0000 2017,.@AppleSupport tenés ganas de devolverme la batería que tenía antes de actualizar mi celular? 👎🏼#LaCagaste #ActualizameEsta,60291,,60293.0
1596665,316272,True,Sat Nov 04 18:31:17 +0000 2017,IT HAPPENED AGAIN IN MY LAST TWEET WTF @115858 WHY DO U SUCK SO MUCH,1596663,,1596665.0
1470899,461423,True,Thu Nov 02 23:25:56 +0000 2017,Hey @115858. Epic fail on the new os for the Apple Watch.,1470898,,1470899.0
1867789,557944,True,Fri Oct 20 20:30:21 +0000 2017,@115858 you guys really needa fix the charging problems.. ever since i’ve updated my phone it just randomly doesn’t charge....... sup w that,1867788,,1867789.0
2581982,731757,True,Thu Nov 16 21:42:51 +0000 2017,"I really am finding this tedious now. My iPhone (7) keeps on freezing, apps get stuck and I’m left with a blank white screen. Is this a known issue, @AppleSupport - hardware or software? Does it need a health check?",2581980,,2581982.0
2141034,629607,True,Wed Nov 08 18:45:17 +0000 2017,"Fuck @115858 can y’all fix this glitch, I️m not able to tweet in peace.",2141033,,2141034.0
644971,273077,True,Wed Nov 22 17:42:57 +0000 2017,@AppleSupport I upgraded to iOS 11.1.2 and now my iPhone 6 can’t hold a charge at all! HELP!,644970,,644971.0
2012272,595022,True,Sun Nov 05 13:37:08 +0000 2017,What is going on with this “i” button with @115858? Really getting annoyed. #pleasefix,2012271,,2012272.0
2346091,678384,True,Mon Nov 13 14:45:17 +0000 2017,"@AppleSupport if you play music and scroll through Twitter, passing videos and GIFs, the music gets broken up periodically. 😞",2346089,,2346091.0
1977272,585526,True,Wed Nov 01 19:19:48 +0000 2017,@AppleSupport after i updated this happened. What can I do ?? https://t.co/yWBbmdnNv1,1977271,,1977272.0
2295242,666470,True,Sat Nov 11 23:21:16 +0000 2017,@115858 can't watch stupid ass UV movies on my iTunes? That's IDIOTIC...just wasted $30 on a goddamn movie I can't even watch now,2295241,,2295242.0
2281730,269166,True,Sat Nov 11 18:23:11 +0000 2017,@AppleSupport i can’t find the Manage button under subscriptions on my iPhone 6s Plus,2281728,,2281730.0
2147773,631304,True,Wed Nov 08 16:39:52 +0000 2017,@AppleSupport why when is it when you use the letter I it’s changed,2147771,,2147773.0
1589387,488733,True,Sat Nov 04 19:48:24 +0000 2017,@AppleSupport do you have a direct number for the Trafford Centre Manchester store please? I can’t get through on the other number,1589386,,1589387.0
898852,123522,True,Sat Oct 21 02:26:00 +0000 2017,"@AppleSupport hey bitch! I have the latest update, and I still have to reset my phone 10-15 times per day. This makes no fucking sense!",898851,,898852.0
861938,324669,True,Fri Oct 13 11:37:37 +0000 2017,@AppleSupport restore from iCloud backup should have my photos..correct ?,861937,,861938.0
2040478,603335,True,Tue Nov 07 22:13:34 +0000 2017,@AppleSupport my phone keeps autocorrecting “is” to “I.S” - don’t think this is the same as lowercase i issue - how can I fix? #fml,2040477,,2040478.0
2751496,770299,True,Sun Nov 26 23:46:07 +0000 2017,@AppleSupport please fix your TRASH ios11 bc it is absolutely terrible and fucked my phone in so many ways,2751495,,2751496.0
1638776,501110,True,Sun Nov 05 15:15:06 +0000 2017,Yo @115858 figure out why my phone adds some bullshit when i type i,1638775,,1638776.0
382954,206748,True,Sat Nov 04 07:14:23 +0000 2017,@AppleSupport how long till you fix this glitch for the letter I️,382953,,382954.0
1522656,473153,True,Fri Nov 03 16:12:40 +0000 2017,@AppleSupport Lots of people around the world are experiencing problems with crashes of the messages app on iPhone X! Can you fix that soon?,1522654,,1522656.0
1741629,525423,True,Tue Nov 07 14:46:26 +0000 2017,@115858 i’m seriously sick of these stupid fake emojis and my i’s becoming question marks. fix it or i’m going samsung. don’t test me.,1741628,,1741629.0
947764,344759,True,Sat Oct 21 17:21:32 +0000 2017,@AppleSupport @115858 A ver cuando sacáis una actualización para mejorar el rendimiento del iPhone 6S P porque desde la última va de pena. 👍,947763,,947764.0
2468899,368976,True,Mon Nov 06 17:36:20 +0000 2017,Seriously @AppleSupport @115858 this is what happens when I️ type IT in my mail app!?! WTF #Apple #AppleProblems https://t.co/sCJqz8XLoh,2468898,,2468899.0
299034,187273,True,Fri Oct 06 16:56:33 +0000 2017,"@115858 @AppleSupport su nueva actualización de IOS se chupa la pila en 3 horas, es imposible!!!!!",299033,,299034.0
568397,253363,True,Sun Dec 03 02:23:29 +0000 2017,Have this on loop when trying to update free apps... @115858 @118936 @AppleSupport https://t.co/29pRhatGOL,568395,,568397.0
975819,351418,True,Sun Oct 22 02:45:00 +0000 2017,is anyone else having issues with connecting their AirPods to their MacBook? It keeps disconnecting/connecting by itself @AppleSupport,975818,,975819.0
2306660,669171,True,Sun Nov 12 23:53:17 +0000 2017,@AppleSupport Where can I find a list of which apps support TouchBar?,2306659,,2306660.0
947760,344757,True,Sat Oct 21 16:20:00 +0000 2017,My notifications keep disappearing and now when I unlock my phone I can’t see the date or time bitch what the fuck @115858,947759,,947760.0
862746,324860,True,Fri Oct 13 13:12:42 +0000 2017,"@AppleSupport hi, I am locked out of my apple account and can’t enter my trusted number because it is an old unused phone number, help 🙏🏻",862745,,862746.0
1786591,536746,True,Sat Oct 28 23:56:15 +0000 2017,"@AppleSupport Tried EVERYTHING to push my iPhone X pre-order through, including calling support, but no cigar - can you escalate internally? https://t.co/jlvwSe0Jf5",1786590,,1786591.0
1099671,379503,True,Mon Oct 23 22:32:29 +0000 2017,@AppleSupport I’m having a problem with calls. I can hear people but they cannot hear me. Currently have the most recent update. IPhone 6S.,1099670,,1099671.0
1371877,439309,True,Fri Oct 27 22:27:12 +0000 2017,@115858 why won’t you fulfill my online order?  You’ve deducted the money from my account and the store says you placed a hold on my item.,1371876,,1371877.0
1993435,589949,True,Fri Nov 03 04:18:58 +0000 2017,@AppleSupport hello everytime I turn on my alarms you turn them off plz stop,1993434,,1993435.0
1564819,323159,True,Mon Oct 23 17:39:03 +0000 2017,The iPhone 6S sucks so bad. Charged 9 times today from less than 10% - 100%. Was there ever a class action I missed out on? @AppleSupport,"1564820,1564817",,1564819.0
2040550,603354,True,Tue Nov 07 22:29:33 +0000 2017,"Dear @115858, 

I was trying to update iOS 11.2 Public beta 2, when i was connected to the internet now it’s telling me I’m not connected. https://t.co/BulBQvAZAC",2040549,,2040550.0
2558640,726347,True,Thu Nov 16 16:07:30 +0000 2017,#powerbeats wireless @115858 #drdre after two years  rubbers are going into #nirvana - really sad such expensive #headphones do not last longer 😩 https://t.co/VhXvZqv3YI,2558638,,2558640.0
2408561,692581,True,Tue Nov 14 14:32:04 +0000 2017,@AppleSupport Slow sync flash doesnt seem to be working on iphone 8 plus since the new ios update please help?,2408560,,2408561.0
2093767,618647,True,Wed Nov 08 03:30:47 +0000 2017,Hey @AppleSupport can y’all fix this dumb issue with the letter “I️” so we can all stop looking like we are crazy on the internet?,"2093768,2093766",,2093767.0
2527017,719525,True,Thu Nov 16 03:51:57 +0000 2017,"This keeps popping up every two seconds? I never tried to download anything, or purchase anything?  Anyone else? @115858  #Iphone https://t.co/8wMTB7TBl3",2527016,,2527017.0
2480957,708901,True,Sun Oct 29 22:17:49 +0000 2017,"@AppleSupport my iPhone, iPod, iPad and Mac book pro all hate me 😩 stupid iPhoto, photo, log in and sharing! Waste of a Sunday afternoon!",2480956,,2480957.0
2057442,608494,True,Fri Oct 06 20:52:17 +0000 2017,@AppleSupport my iPhone 6s Plus isn’t making alert sounds anymore. Do not disturb is off. Any ideas about a solution?,2057441,,2057442.0
2917316,807479,True,Tue Nov 28 23:42:55 +0000 2017,@AppleSupport does anyone ever answer the ringing phone when you call them?  Three separate cases this evening and the phone just rings and rings and rings ......,2917315,,2917316.0
2371194,258735,True,Tue Nov 14 00:10:06 +0000 2017,"@AppleSupport
Are apps allowed to demand 5* reviews in return for unlocking features?",2371192,,2371194.0
1186563,399014,True,Tue Oct 24 23:13:34 +0000 2017,@AppleSupport iOS 11.0.3 downloaded today... now I can’t play podcasts over Bluetooth in my car. Had no problem doing that yesterday.,1186562,,1186563.0
1081512,375121,True,Mon Oct 23 19:58:52 +0000 2017,I can update my apps keeps saying can’t download my WiFi is fine get it sorted! @AppleSupport,1081511,,1081512.0
1078239,374363,True,Mon Oct 23 16:57:40 +0000 2017,ios11 was pretty cool before it made my phone freeze every 5 minutes @AppleSupport,1078238,,1078239.0
1470074,461214,True,Thu Nov 02 23:11:07 +0000 2017,What the fucking is going on @115858 i still can’t type i without it autocorrecting to I️,1470072,,1470074.0
38861,124480,True,Wed Nov 01 11:14:40 +0000 2017,My alarm never went off this morning and I have no idea why @AppleSupport help,38859,,38861.0
2060838,547077,True,Sat Oct 07 15:34:21 +0000 2017,@115858 What have you done to the keyboard on the  iPad as a result of latest IOS update. Everything has moved. It’s HORRIBLE! Pls fix it!,2060837,,2060838.0
2744260,768609,True,Mon Nov 20 19:07:13 +0000 2017,I️ 👈🏾 why isn’t this fixed yet @115858 @123765 @TwitterSupport,2744259,,2744260.0
1616670,495762,True,Sun Nov 05 02:50:54 +0000 2017,I️ swear 🙄 @AppleSupport,1616669,,1616670.0
2113868,427257,True,Wed Nov 08 14:28:36 +0000 2017,@AppleSupport is VPP store down? Can't search for any apps.,2113867,,2113868.0
754203,217618,True,Wed Oct 11 13:16:28 +0000 2017,2 hours to update my Apple Watch and now it won’t pair with my iPhone @AppleSupport,754202,,754203.0
1765121,530930,True,Tue Nov 07 20:29:04 +0000 2017,Ok @AppleSupport what that hell with the I️ thing 😂😒,1765120,,1765121.0
2772672,774973,True,Mon Nov 27 00:15:10 +0000 2017,@115858 Why does my “it” aurtocorrect to “I.T”??? Most annoying thing about this stupid ass update 😒,2772670,,2772672.0
1659196,506223,True,Mon Nov 06 03:04:28 +0000 2017,Love my iPhone X but it’s over heating...@AppleSupport is this normal?,1659195,,1659196.0
346523,198489,True,Sat Oct 07 23:55:04 +0000 2017,@AppleSupport I’m having problems with my location services https://t.co/4HJbXFwXed,346521,,346523.0
2497931,712785,True,Mon Oct 30 03:13:38 +0000 2017,I just lost my headphone adapter. What am I supposed to do now? Not listen to music? @AppleSupport  🤧,"2497930,2497932",,2497931.0
1635755,500349,True,Sun Nov 05 18:15:40 +0000 2017,"@AppleSupport I've noticed an issue with the two-factor auth, the located area is 280 miles away and button language is different to German. https://t.co/MYBFUHGFKC",1635754,,1635755.0
2027906,599679,True,Mon Nov 06 18:35:14 +0000 2017,"Well, “eye” no longer have a sense of self. If “eye” type that word as a letter (on its own) since the @115858 iOS update, “eye” become “A ?” https://t.co/beWwRGqVTT",2027905,,2027906.0
1824714,547770,True,Tue Oct 17 01:07:02 +0000 2017,@AppleSupport my wife's 1st Gen watch won't charge and just flashes the logo. I've cleaned everything and tried a different charger. Help?,1824713,,1824714.0
2843909,791151,True,Mon Nov 27 17:12:52 +0000 2017,Well @115858 we’ve had a good run but I can no longer stand being forced to upgrade by making my #iPhone6 run slow after update  @125607 your about to get a new customer.,2843908,,2843909.0
2263473,658938,True,Mon Nov 20 23:43:24 +0000 2017,How does that make any sense ?? @115858 step your game up I️ can’t fucking type I️ and it bothers me and millions of other apple users,2263472,,2263473.0
2133584,627766,True,Wed Nov 08 19:55:47 +0000 2017,@AppleSupport hi my I cant restore my iphonr its telling the data is corrupt or unable to connect what do i do? Help!!,2133582,,2133584.0
832947,318375,True,Mon Oct 09 01:21:56 +0000 2017,@AppleSupport your iOS 11 is shit. Wifi doesn’t work right. Battery dies quicker.,832945,,832947.0
2633188,743484,True,Fri Nov 17 17:29:43 +0000 2017,What’s up @115858? I’m trying to purchase an iPhone X  online but your system is failing. I call @AppleSupport and get told it’s being fixed to keep trying. Now your system has locked me out for trying too many times. #TerribleExperience,"2633189,2633187,2633190",,2633188.0
2944452,813389,True,Wed Nov 29 11:36:30 +0000 2017,"@115858 Why do I lose my notes everytime I update? And I can’t set up my mail again, more hassle than it’s worth 😫",2944451,,2944452.0
1165780,394208,True,Sun Oct 15 04:03:35 +0000 2017,Does everyone who have an iPhone says no service at some point or is it jus mines @AppleSupport @115858,1165779,,1165780.0
1822266,479420,True,Sun Oct 15 17:46:51 +0000 2017,@AppleSupport please please please do another update ASAP as my phone beeping like a mofo and I’m unwell and this is NOT helping #getitfixed,1822265,,1822266.0
767413,303405,True,Sat Oct 07 10:05:50 +0000 2017,"[castastrophe] depuis que j'ai télécharge iOS 11.0 sur mon iphone&amp;ipad ma batterie se vide très rapidement, c'est normal? :-( @AppleSupport",767412,,767413.0
556987,250056,True,Sat Dec 02 17:38:20 +0000 2017,@AppleSupport why does the new update keep turning my mobile data off? I know it’s probably to force my phone to use WiFi but Is there a way to turn this feature off?,556985,,556987.0
622709,267800,True,Wed Nov 22 17:05:01 +0000 2017,"@2531 @AppleSupport 
PLEASE PLEASE PLEASE fix the rotation bug, problem.  Please. I’m begging you",622707,,622709.0
648545,274125,True,Wed Nov 22 19:02:02 +0000 2017,So we just called 1-800 Apple and they were helping us in our computer now porn is typing randomly on our computer as if we got hacked..@115858 Fix This,648544,,648545.0
2006699,593392,True,Sat Nov 04 02:05:29 +0000 2017,"Knock, knock @AppleSupport what’s going on with the question mark boxes? I’ve restarted my phone &amp; nothing 🤷🏻‍♀️","2006700,2006698",,2006699.0
2487203,710386,True,Wed Nov 15 15:10:48 +0000 2017,.@115858 the iPhone 8 speaker still crackling is an issue. When are you guys going to recall and replace?,2487201,,2487203.0
2077559,614442,True,Mon Oct 09 06:27:17 +0000 2017,Your new update messed up my phone. Thanks @115858,2077558,,2077559.0
617328,266463,True,Wed Nov 22 07:01:43 +0000 2017,@AppleSupport @116333 @107842 you are troubling customer by asking him to visit the store 4 times wasting his precious time and energy. Pls ensure this is taken up on a high priority and replace the phone immediately. https://t.co/ayML6ytjRf,617324,,617328.0
2960137,816979,True,Wed Nov 29 20:09:30 +0000 2017,@AppleSupport  @115858 I just received an email claiming to be from you guys and it took my to a link asking me for my social security number and then my credit card details. The Apple logo at the top doesn’t even work. Check it out. https://t.co/esCsFzdbP1 https://t.co/tIzOXNhxwa,2960136,,2960137.0
2748384,769545,True,Mon Nov 20 23:03:36 +0000 2017,//YO @AppleSupport @115858 Why the hell is my phone turning my gifs into pics???? They WERE working,2748382,,2748384.0
613135,265797,True,Wed Nov 22 05:50:15 +0000 2017,@AppleSupport  what is the point of buying such expensive phones when within a year the phone starts freezing and switches off on its on ? Very annoying,613133,,613135.0
1734475,523781,True,Tue Nov 07 03:58:35 +0000 2017,I️ @115858 this is annoying I️ seriously? I️,1734474,,1734475.0
1287658,421179,True,Thu Oct 26 18:40:33 +0000 2017,"@AppleSupport : Am I the only one in the world having this issue? Mail fails to send on WiFi and VPN, but works when on LTE. https://t.co/OoCmv1kbA5","1287659,1287657",,1287658.0
2253442,656445,True,Fri Nov 10 19:17:56 +0000 2017,@AppleSupport How do I️ get rid of this? It’s seriously the first thing that made me think of switching to android. https://t.co/OyVPGBgE6k,2253441,,2253442.0
1788811,537342,True,Thu Oct 12 16:42:28 +0000 2017,"I have a midterm next week and my barely one-month old MacBook Pro won't even turn on. No appointments til next week, wth @115858? 😖",1788810,,1788811.0
2038121,511239,True,Thu Oct 05 03:12:18 +0000 2017,@AppleSupport My bottom menu bar frequently goes missing....what’s wrong with #ios11 https://t.co/UELCyYcbIj,2038120,,2038121.0
2622760,740970,True,Fri Nov 17 13:59:41 +0000 2017,@AppleSupport what is going on with not sending videos to a android user?  Now not getting messages. What is going on!??!!!,2622759,,2622760.0
2523419,718620,True,Thu Nov 16 01:49:56 +0000 2017,@AppleSupport help plis https://t.co/KiLdtWnvf3,2523417,,2523419.0
1424744,451003,True,Sat Oct 28 19:39:01 +0000 2017,@AppleSupport guys why do I keep getting these messages ? I’ve tried and re tried and re tried. https://t.co/WrbMopqI4z,1424743,,1424744.0
90664,135630,True,Thu Nov 30 10:48:18 +0000 2017,@AppleSupport hello my iPhone is a couple of months old and has started randomly switching itself off. I’ve managed to turn it on using a power source but there’s 40% battery. Any advice?,90662,,90664.0
2051477,456286,True,Thu Oct 05 20:05:18 +0000 2017,Hey @AppleSupport @115858 Where's the update that makes my phone stop shutting off when my battery is at 98%?,2051476,,2051477.0
2015971,494696,True,Sun Nov 05 17:13:39 +0000 2017,@115858 wtf is goin on with these unicodes replacing my letters #wtf I️ I️ I️ I️,2015970,,2015971.0
2127261,626339,True,Wed Nov 08 18:04:00 +0000 2017,Yo @AppleSupport what’s with the I️ thing?,2127260,,2127261.0
2631601,570164,True,Fri Nov 17 17:04:15 +0000 2017,AND IMA NEED APPLE TO FIX THAT DAMN  ? ISSUE!!!!! @115858,2631600,,2631601.0
741680,297380,True,Wed Oct 11 08:26:34 +0000 2017,@AppleSupport both my partner and my phones mobile data is slow even when able to get 4G. Sort this out please!,741677,,741680.0
1725711,521925,True,Tue Nov 07 03:07:19 +0000 2017,@AppleSupport I️ didnt pay $800 to be seeing I️ . Fix this shit or I’m going back to my Android 😤,1725710,,1725711.0
495163,150615,True,Fri Dec 01 17:16:56 +0000 2017,@AppleSupport Thanks guys. Was out coaching kids. Went out on a full charge. Phone in pocket. 1hr 30min. Good job I didn't need it to phone a parent who had forgotten kid because I checked the time and it was on 15% then my alarm for end of session took it 0%. #timeforanewphone,495162,,495163.0
2044862,604716,True,Wed Oct 04 20:09:29 +0000 2017,I’m going to need @115858 to get it together with iOS 11. I just got a brand new iPhone &amp; its working like an iPhone 4 ever since the update,2044861,,2044862.0
1930405,574438,True,Sat Oct 28 04:14:46 +0000 2017,@AppleSupport  please fix iOS 11. iPhone 7 has worked flawlessly until 11. Battery dies by noon. Lock screen keeps popping up mid-use.  #grr,1930404,,1930405.0
2298594,667216,True,Sun Nov 12 06:39:07 +0000 2017,My I️ still fucked up @115858 ?,2298593,,2298594.0
1010562,359128,True,Sat Oct 14 10:44:51 +0000 2017,Does anyone have a workable way of getting photos from an iPhone6 to an iMac that actually works or have @115858 really turned to shit?,1010561,,1010562.0
2286091,142400,True,Sat Nov 11 12:23:39 +0000 2017,.@AppleSupport what the hell is running in the background on iOS11 that’s destroying the battery life? 😡,2286090,,2286091.0
1540661,477475,True,Fri Nov 03 22:09:14 +0000 2017,@115858 130 mile trip for new iPhone X and the peace of junk doesn’t respond - touchscreen broken out of box - refund tomorrow! #crapquality,1540660,,1540661.0
1905794,567886,True,Wed Oct 18 11:24:22 +0000 2017,@AppleSupport Hi.Updated from iPhone 5 to 8 &amp; now cannot connect headphones 🎧 to 8 via Bluetooth never had probs on 5. What’s gone wrong?,1905792,,1905794.0
2000646,591566,True,Thu Nov 02 23:03:15 +0000 2017,@AppleSupport Y’all Got Me Fucked Up y’all better fix this I️ shit🤬🤬🤬,2000645,,2000646.0
602400,262996,True,Sun Dec 03 21:42:19 +0000 2017,First this “ I️ “ shit now “ I.T “ wtf @AppleSupport,602399,,602400.0
2922730,808835,True,Wed Nov 29 01:53:02 +0000 2017,@AppleSupport iPhone 7 - 11.1.2. Keep getting black screen when opening text alert. Must close application and reopen. FYI,2922729,,2922730.0
1969175,583398,True,Tue Oct 31 15:07:41 +0000 2017,"Uh, hey @115858 @AppleSupport,, where my clock at? This isn’t the first time either... https://t.co/1wBxovJ48C",1969174,,1969175.0
94911,136633,True,Thu Nov 30 13:52:43 +0000 2017,@115858 ever since the update I’ve been experience some difficulties #Typical #MylastIphone https://t.co/BeCpD21A2D,94910,,94911.0
2888429,272895,True,Tue Nov 28 04:44:22 +0000 2017,@AppleSupport help why does an app keep getting downloaded onto my phone that i never downloaded?,2888428,,2888429.0
1913032,287795,True,Sat Nov 25 09:17:06 +0000 2017,@AppleSupport  Hello! I placed an order W428719023 yesterday. This needs to be cancelled since I made a second order and have picked this up in store already. Please advise the best solution since I tried cancelling it directly myself but could not since I was a guest tks :),1913031,,1913032.0
1886361,260696,True,Mon Oct 23 03:17:26 +0000 2017,"@115858 your latest iOS upgrade made Siri worse. Trouble making out what I say, and msg dictation has more steps. Do I need to adjust settgs?",1886360,,1886361.0
1864163,556960,True,Fri Oct 20 09:20:39 +0000 2017,@AppleSupport ever since I updated my phone it freezes and restarts itself like 7 times a day and my echo text doesn’t even work! ☹️,1864162,,1864163.0
2833598,788831,True,Sun Nov 12 09:27:15 +0000 2017,@115858 ur stupid iphone stopped me from supporting my girlfriend this morning cs the battery fucking sucks and it also apparently needs a fucking hour to turn on,2833597,,2833598.0
1418032,330689,True,Wed Nov 01 22:48:36 +0000 2017,@115911 help my @115858 Watch series 3 won’t send or recieve sms messages.,"1418030,1418034",,1418032.0
2041042,603490,True,Wed Nov 08 00:38:40 +0000 2017,why is my iphone 6 plus hot in the top right corner whenever im on youtube or something??? this started happening after the latest ios update @AppleSupport,2041041,,2041042.0
1847270,553264,True,Thu Oct 19 19:46:56 +0000 2017,So the new @115858 software update for iPhone - frozen my phone 3 times &amp; turned itself off for 20 mins - superb 👍,1847269,,1847270.0
